Ano,Mês,Dia,Ano,Mês,Dia,Ano,Mês,Dia,Ano,Mês,Dia
2018,janeiro,9,2017,janeiro,12,2017,janeiro,9,2018,janeiro,9
2018,janeiro,9,2017,janeiro,13,2017,janeiro,10,2018,janeiro,9
2018,janeiro,10,2017,janeiro,12,2017,janeiro,9,2018,janeiro,10
2018,janeiro,10,2017,janeiro,13,2017,janeiro,10,2018,janeiro,10
2018,janeiro,15,2017,janeiro,18,2017,janeiro,15,2018,janeiro,15
2018,janeiro,16,2017,janeiro,19,2017,janeiro,16,2018,janeiro,16
2018,janeiro,17,2017,janeiro,20,2017,janeiro,17,2018,janeiro,17
2018,janeiro,17,2017,janeiro,21,2017,janeiro,18,2018,janeiro,17
2018,janeiro,17,2017,janeiro,25,2017,janeiro,22,2018,janeiro,17
2018,janeiro,18,2017,janeiro,21,2017,janeiro,18,2018,janeiro,18
2018,janeiro,18,2017,janeiro,22,2017,janeiro,19,2018,janeiro,18
2018,janeiro,18,2017,janeiro,27,2017,janeiro,24,2018,janeiro,18
2018,janeiro,19,2017,janeiro,22,2017,janeiro,19,2018,janeiro,19
2018,janeiro,22,2017,janeiro,25,2017,janeiro,22,2018,janeiro,22
2018,janeiro,22,2017,janeiro,26,2017,janeiro,23,2018,janeiro,22
2018,janeiro,22,2017,janeiro,27,2017,janeiro,24,2018,janeiro,22
2018,janeiro,22,2017,fevereiro,10,2017,fevereiro,7,2018,janeiro,22
2018,janeiro,23,2017,janeiro,26,2017,janeiro,23,2018,janeiro,23
2018,janeiro,23,2017,janeiro,27,2017,janeiro,24,2018,janeiro,23
2018,janeiro,23,2017,janeiro,28,2017,janeiro,25,2018,janeiro,23
2018,janeiro,24,2017,janeiro,19,2017,janeiro,16,2018,janeiro,24
2018,janeiro,24,2017,janeiro,27,2017,janeiro,24,2018,janeiro,24
2018,janeiro,24,2017,janeiro,28,2017,janeiro,25,2018,janeiro,24
2018,janeiro,25,2017,janeiro,28,2017,janeiro,25,2018,janeiro,25
2018,janeiro,25,2017,janeiro,29,2017,janeiro,26,2018,janeiro,25
2018,janeiro,26,2017,janeiro,28,2017,janeiro,25,2018,janeiro,26
2018,janeiro,26,2017,janeiro,29,2017,janeiro,26,2018,janeiro,26
2018,janeiro,26,2017,fevereiro,1,2017,janeiro,29,2018,janeiro,26
2018,janeiro,29,2017,janeiro,29,2017,janeiro,26,2018,janeiro,29
2018,janeiro,29,2017,fevereiro,1,2017,janeiro,29,2018,janeiro,29
2018,janeiro,29,2017,fevereiro,2,2017,janeiro,30,2018,janeiro,29
2018,janeiro,29,2017,fevereiro,3,2017,janeiro,31,2018,janeiro,29
2018,janeiro,30,2017,fevereiro,1,2017,janeiro,29,2018,janeiro,30
2018,janeiro,30,2017,fevereiro,2,2017,janeiro,30,2018,janeiro,30
2018,janeiro,30,2017,fevereiro,4,2017,fevereiro,1,2018,janeiro,30
2018,janeiro,31,2017,fevereiro,2,2017,janeiro,30,2018,janeiro,31
2018,janeiro,31,2017,fevereiro,3,2017,janeiro,31,2018,janeiro,31
2018,fevereiro,1,2017,fevereiro,4,2017,fevereiro,1,2018,fevereiro,1
2018,fevereiro,1,2017,fevereiro,5,2017,fevereiro,2,2018,fevereiro,1
2018,fevereiro,1,2017,fevereiro,10,2017,fevereiro,7,2018,fevereiro,1
2018,fevereiro,2,2017,fevereiro,5,2017,fevereiro,2,2018,fevereiro,2
2018,fevereiro,2,2017,fevereiro,8,2017,fevereiro,5,2018,fevereiro,2
2018,fevereiro,5,2017,fevereiro,8,2017,fevereiro,5,2018,fevereiro,5
2018,fevereiro,5,2017,fevereiro,9,2017,fevereiro,6,2018,fevereiro,5
2018,fevereiro,5,2017,fevereiro,11,2017,fevereiro,8,2018,fevereiro,5
2018,fevereiro,6,2017,fevereiro,9,2017,fevereiro,6,2018,fevereiro,6
2018,fevereiro,6,2017,fevereiro,10,2017,fevereiro,7,2018,fevereiro,6
2018,fevereiro,6,2017,fevereiro,11,2017,fevereiro,8,2018,fevereiro,6
2018,fevereiro,7,2017,fevereiro,10,2017,fevereiro,7,2018,fevereiro,7
2018,fevereiro,7,2017,fevereiro,11,2017,fevereiro,8,2018,fevereiro,7
2018,fevereiro,7,2017,fevereiro,12,2017,fevereiro,9,2018,fevereiro,7
2018,fevereiro,8,2017,fevereiro,11,2017,fevereiro,8,2018,fevereiro,8
2018,fevereiro,8,2017,fevereiro,12,2017,fevereiro,9,2018,fevereiro,8
2018,fevereiro,8,2017,fevereiro,15,2017,fevereiro,12,2018,fevereiro,8
2018,fevereiro,9,2017,fevereiro,12,2017,fevereiro,9,2018,fevereiro,9
2018,fevereiro,9,2017,fevereiro,15,2017,fevereiro,12,2018,fevereiro,9
2018,fevereiro,12,2017,fevereiro,15,2017,fevereiro,12,2018,fevereiro,12
2018,fevereiro,12,2017,fevereiro,16,2017,fevereiro,13,2018,fevereiro,12
2018,fevereiro,13,2017,fevereiro,16,2017,fevereiro,13,2018,fevereiro,13
2018,fevereiro,13,2017,fevereiro,17,2017,fevereiro,14,2018,fevereiro,13
2018,fevereiro,14,2017,fevereiro,17,2017,fevereiro,14,2018,fevereiro,14
2018,fevereiro,15,2017,fevereiro,18,2017,fevereiro,15,2018,fevereiro,15
2018,fevereiro,16,2017,fevereiro,18,2017,fevereiro,15,2018,fevereiro,16
2018,fevereiro,16,2017,fevereiro,19,2017,fevereiro,16,2018,fevereiro,16
2018,fevereiro,16,2017,fevereiro,22,2017,fevereiro,19,2018,fevereiro,16
2018,fevereiro,19,2017,fevereiro,19,2017,fevereiro,16,2018,fevereiro,19
2018,fevereiro,19,2017,fevereiro,22,2017,fevereiro,19,2018,fevereiro,19
2018,fevereiro,19,2017,fevereiro,23,2017,fevereiro,20,2018,fevereiro,19
2018,fevereiro,19,2017,fevereiro,24,2017,fevereiro,21,2018,fevereiro,19
2018,fevereiro,20,2017,fevereiro,23,2017,fevereiro,20,2018,fevereiro,20
2018,fevereiro,20,2017,fevereiro,24,2017,fevereiro,21,2018,fevereiro,20
2018,fevereiro,21,2017,fevereiro,24,2017,fevereiro,21,2018,fevereiro,21
2018,fevereiro,21,2017,fevereiro,25,2017,fevereiro,22,2018,fevereiro,21
2018,fevereiro,22,2017,fevereiro,24,2017,fevereiro,21,2018,fevereiro,22
2018,fevereiro,22,2017,fevereiro,25,2017,fevereiro,22,2018,fevereiro,22
2018,fevereiro,22,2017,fevereiro,26,2017,fevereiro,23,2018,fevereiro,22
2018,fevereiro,23,2017,fevereiro,25,2017,fevereiro,22,2018,fevereiro,23
2018,fevereiro,23,2017,fevereiro,26,2017,fevereiro,23,2018,fevereiro,23
2018,fevereiro,23,2017,março,1,2017,fevereiro,27,2018,fevereiro,23
2018,fevereiro,27,2017,fevereiro,26,2017,fevereiro,23,2018,fevereiro,27
2018,fevereiro,27,2017,março,1,2017,fevereiro,27,2018,fevereiro,27
2018,fevereiro,27,2017,março,2,2017,fevereiro,28,2018,fevereiro,27
2018,fevereiro,28,2017,março,2,2017,fevereiro,28,2018,fevereiro,28
2018,março,1,2017,março,3,2017,março,1,2018,março,1
2018,março,1,2017,março,4,2017,março,2,2018,março,1
2018,março,2,2017,março,4,2017,março,2,2018,março,2
2018,março,2,2017,abril,6,2017,abril,4,2018,março,2
2018,março,3,2017,março,4,2017,março,2,2018,março,3
2018,março,3,2017,março,5,2017,março,3,2018,março,3
2018,março,3,2017,março,8,2017,março,6,2018,março,3
2018,março,5,2017,março,8,2017,março,6,2018,março,5
2018,março,6,2017,março,8,2017,março,6,2018,março,6
2018,março,6,2017,março,9,2017,março,7,2018,março,6
2018,março,7,2017,março,9,2017,março,7,2018,março,7
2018,março,7,2017,março,10,2017,março,8,2018,março,7
2018,março,8,2017,março,9,2017,março,7,2018,março,8
2018,março,8,2017,março,10,2017,março,8,2018,março,8
2018,março,8,2017,março,11,2017,março,9,2018,março,8
2018,março,9,2017,março,11,2017,março,9,2018,março,9
2018,março,9,2017,março,12,2017,março,10,2018,março,9
2018,março,9,2017,março,16,2017,março,14,2018,março,9
2018,março,10,2017,março,12,2017,março,10,2018,março,10
2018,março,14,2017,março,16,2017,março,14,2018,março,14
2018,março,14,2017,março,18,2017,março,16,2018,março,14
2018,março,15,2017,março,17,2017,março,15,2018,março,15
2018,março,15,2017,março,18,2017,março,16,2018,março,15
2018,março,16,2017,março,18,2017,março,16,2018,março,16
2018,março,16,2017,março,19,2017,março,17,2018,março,16
2018,março,16,2017,março,22,2017,março,20,2018,março,16
2018,março,16,2017,março,23,2017,março,21,2018,março,16
2018,março,17,2017,março,19,2017,março,17,2018,março,17
2018,março,17,2017,março,22,2017,março,20,2018,março,17
2018,março,20,2017,março,22,2017,março,20,2018,março,20
2018,março,20,2017,março,23,2017,março,21,2018,março,20
2018,março,20,2017,março,24,2017,março,22,2018,março,20
2018,março,21,2017,março,23,2017,março,21,2018,março,21
2018,março,21,2017,março,24,2017,março,22,2018,março,21
2018,março,22,2017,março,24,2017,março,22,2018,março,22
2018,março,22,2017,março,25,2017,março,23,2018,março,22
2018,março,22,2017,março,26,2017,março,24,2018,março,22
2018,março,23,2017,março,24,2017,março,22,2018,março,23
2018,março,23,2017,março,25,2017,março,23,2018,março,23
2018,março,24,2017,março,26,2017,março,24,2018,março,24
2018,março,24,2017,março,29,2017,março,27,2018,março,24
2018,março,24,2017,abril,2,2017,março,31,2018,março,24
2018,março,26,2017,março,29,2017,março,27,2018,março,26
2018,março,27,2017,março,29,2017,março,27,2018,março,27
2018,março,27,2017,março,30,2017,março,28,2018,março,27
2018,março,28,2017,março,30,2017,março,28,2018,março,28
2018,março,28,2017,março,31,2017,março,29,2018,março,28
2018,março,28,2017,abril,1,2017,março,30,2018,março,28
2018,março,29,2017,março,31,2017,março,29,2018,março,29
2018,março,29,2017,abril,1,2017,março,30,2018,março,29
2018,março,29,2017,abril,7,2017,abril,5,2018,março,29
2018,março,30,2017,abril,1,2017,março,30,2018,março,30
2018,março,30,2017,abril,5,2017,abril,3,2018,março,30
2018,março,31,2017,abril,2,2017,março,31,2018,março,31
2018,abril,3,2017,abril,5,2017,abril,3,2018,abril,3
2018,abril,3,2017,abril,6,2017,abril,4,2018,abril,3
2018,abril,4,2017,abril,5,2017,abril,3,2018,abril,4
2018,abril,4,2017,abril,6,2017,abril,4,2018,abril,4
2018,abril,5,2017,abril,6,2017,abril,4,2018,abril,5
2018,abril,5,2017,abril,7,2017,abril,5,2018,abril,5
2018,abril,5,2017,abril,8,2017,abril,6,2018,abril,5
2018,abril,6,2017,abril,7,2017,abril,5,2018,abril,6
2018,abril,6,2017,abril,8,2017,abril,6,2018,abril,6
2018,abril,6,2017,abril,9,2017,abril,7,2018,abril,6
2018,abril,7,2017,abril,8,2017,abril,6,2018,abril,7
2018,abril,7,2017,abril,9,2017,abril,7,2018,abril,7
2018,abril,10,2017,abril,9,2017,abril,7,2018,abril,10
2018,abril,10,2017,abril,13,2017,abril,11,2018,abril,10
2018,abril,11,2017,abril,8,2017,abril,6,2018,abril,11
2018,abril,11,2017,abril,13,2017,abril,11,2018,abril,11
2018,abril,11,2017,abril,14,2017,abril,12,2018,abril,11
2018,abril,12,2017,abril,8,2017,abril,6,2018,abril,12
2018,abril,12,2017,abril,13,2017,abril,11,2018,abril,12
2018,abril,12,2017,abril,14,2017,abril,12,2018,abril,12
2018,abril,13,2017,abril,8,2017,abril,6,2018,abril,13
2018,abril,14,2017,abril,8,2017,abril,6,2018,abril,14
2018,abril,17,2017,abril,19,2017,abril,17,2018,abril,17
2018,abril,18,2017,abril,20,2017,abril,18,2018,abril,18
2018,abril,19,2017,abril,21,2017,abril,19,2018,abril,19
2018,abril,19,2017,abril,22,2017,abril,20,2018,abril,19
2018,abril,19,2017,abril,26,2017,abril,24,2018,abril,19
2018,abril,20,2017,abril,22,2017,abril,20,2018,abril,20
2018,abril,20,2017,abril,23,2017,abril,21,2018,abril,20
2018,abril,20,2017,abril,28,2017,abril,26,2018,abril,20
2018,abril,21,2017,abril,23,2017,abril,21,2018,abril,21
2018,abril,24,2017,abril,26,2017,abril,24,2018,abril,24
2018,abril,24,2017,abril,27,2017,abril,25,2018,abril,24
2018,abril,24,2017,abril,28,2017,abril,26,2018,abril,24
2018,abril,25,2017,abril,27,2017,abril,25,2018,abril,25
2018,abril,25,2017,abril,28,2017,abril,26,2018,abril,25
2018,abril,25,2017,abril,29,2017,abril,27,2018,abril,25
2018,abril,26,2017,abril,20,2017,abril,18,2018,abril,26
2018,abril,26,2017,abril,28,2017,abril,26,2018,abril,26
2018,abril,26,2017,abril,29,2017,abril,27,2018,abril,26
2018,abril,27,2017,abril,29,2017,abril,27,2018,abril,27
2018,abril,27,2017,abril,30,2017,abril,28,2018,abril,27
2018,abril,28,2017,abril,29,2017,abril,27,2018,abril,28
2018,abril,28,2017,abril,30,2017,abril,28,2018,abril,28
2018,abril,28,2017,maio,3,2017,maio,1,2018,abril,28
2018,maio,1,2017,abril,30,2017,abril,28,2018,maio,1
2018,maio,1,2017,maio,3,2017,maio,1,2018,maio,1
2018,maio,1,2017,maio,4,2017,maio,2,2018,maio,1
2018,maio,1,2017,maio,5,2017,maio,3,2018,maio,1
2018,maio,2,2017,maio,3,2017,maio,1,2018,maio,2
2018,maio,2,2017,maio,4,2017,maio,2,2018,maio,2
2018,maio,2,2017,maio,6,2017,maio,4,2018,maio,2
2018,maio,3,2017,maio,4,2017,maio,2,2018,maio,3
2018,maio,3,2017,maio,5,2017,maio,3,2018,maio,3
2018,maio,4,2017,maio,6,2017,maio,4,2018,maio,4
2018,maio,4,2017,maio,7,2017,maio,5,2018,maio,4
2018,maio,5,2017,maio,7,2017,maio,5,2018,maio,5
2018,maio,5,2017,maio,10,2017,maio,8,2018,maio,5
2018,maio,8,2017,maio,10,2017,maio,8,2018,maio,8
2018,maio,8,2017,maio,11,2017,maio,9,2018,maio,8
2018,maio,9,2017,maio,11,2017,maio,9,2018,maio,9
2018,maio,9,2017,maio,12,2017,maio,10,2018,maio,9
2018,maio,9,2017,maio,13,2017,maio,11,2018,maio,9
2018,maio,10,2017,maio,12,2017,maio,10,2018,maio,10
2018,maio,10,2017,maio,13,2017,maio,11,2018,maio,10
2018,maio,10,2017,maio,14,2017,maio,12,2018,maio,10
2018,maio,11,2017,maio,13,2017,maio,11,2018,maio,11
2018,maio,11,2017,maio,14,2017,maio,12,2018,maio,11
2018,maio,11,2017,maio,17,2017,maio,15,2018,maio,11
2018,maio,11,2017,junho,30,2017,junho,28,2018,maio,11
2018,maio,11,2017,julho,1,2017,junho,29,2018,maio,11
2018,maio,12,2017,maio,14,2017,maio,12,2018,maio,12
2018,maio,12,2017,maio,17,2017,maio,15,2018,maio,12
2018,maio,12,2017,maio,19,2017,maio,17,2018,maio,12
2018,maio,15,2017,maio,17,2017,maio,15,2018,maio,15
2018,maio,15,2017,maio,18,2017,maio,16,2018,maio,15
2018,maio,15,2017,maio,19,2017,maio,17,2018,maio,15
2018,maio,16,2017,maio,18,2017,maio,16,2018,maio,16
2018,maio,16,2017,maio,19,2017,maio,17,2018,maio,16
2018,maio,16,2017,maio,20,2017,maio,18,2018,maio,16
2018,maio,16,2017,maio,25,2017,maio,23,2018,maio,16
2018,maio,16,2017,junho,8,2017,junho,6,2018,maio,16
2018,maio,16,2017,junho,14,2017,junho,12,2018,maio,16
2018,maio,16,2017,junho,16,2017,junho,14,2018,maio,16
2018,maio,17,2017,maio,19,2017,maio,17,2018,maio,17
2018,maio,17,2017,maio,20,2017,maio,18,2018,maio,17
2018,maio,17,2017,maio,25,2017,maio,23,2018,maio,17
2018,maio,18,2017,maio,20,2017,maio,18,2018,maio,18
2018,maio,18,2017,maio,21,2017,maio,19,2018,maio,18
2018,maio,19,2017,maio,21,2017,maio,19,2018,maio,19
2018,maio,19,2017,maio,24,2017,maio,22,2018,maio,19
2018,maio,22,2017,maio,24,2017,maio,22,2018,maio,22
2018,maio,22,2017,maio,25,2017,maio,23,2018,maio,22
2018,maio,23,2017,maio,24,2017,maio,22,2018,maio,23
2018,maio,23,2017,maio,25,2017,maio,23,2018,maio,23
2018,maio,23,2017,maio,26,2017,maio,24,2018,maio,23
2018,maio,23,2017,maio,27,2017,maio,25,2018,maio,23
2018,maio,23,2017,junho,15,2017,junho,13,2018,maio,23
2018,maio,24,2017,maio,26,2017,maio,24,2018,maio,24
2018,maio,24,2017,maio,27,2017,maio,25,2018,maio,24
2018,maio,25,2017,maio,27,2017,maio,25,2018,maio,25
2018,maio,25,2017,maio,28,2017,maio,26,2018,maio,25
2018,maio,26,2017,maio,28,2017,maio,26,2018,maio,26
2018,maio,26,2017,maio,31,2017,maio,29,2018,maio,26
2018,maio,26,2017,junho,1,2017,maio,30,2018,maio,26
2018,maio,27,2017,maio,31,2017,maio,29,2018,maio,27
2018,maio,29,2017,maio,31,2017,maio,29,2018,maio,29
2018,maio,29,2017,junho,2,2017,maio,31,2018,maio,29
2018,maio,30,2017,junho,1,2017,maio,30,2018,maio,30
2018,maio,30,2017,junho,2,2017,maio,31,2018,maio,30
2018,maio,31,2017,junho,2,2017,maio,31,2018,maio,31
2018,maio,31,2017,junho,4,2017,junho,2,2018,maio,31
2018,junho,1,2017,junho,3,2017,junho,1,2018,junho,1
2018,junho,1,2017,junho,4,2017,junho,2,2018,junho,1
2018,junho,1,2017,junho,8,2017,junho,6,2018,junho,1
2018,junho,1,2017,junho,9,2017,junho,7,2018,junho,1
2018,junho,1,2017,junho,18,2017,junho,16,2018,junho,1
2018,junho,2,2017,junho,4,2017,junho,2,2018,junho,2
2018,junho,2,2017,junho,8,2017,junho,6,2018,junho,2
2018,junho,2,2017,junho,11,2017,junho,9,2018,junho,2
2018,junho,6,2017,junho,8,2017,junho,6,2018,junho,6
2018,junho,6,2017,junho,9,2017,junho,7,2018,junho,6
2018,junho,6,2017,junho,11,2017,junho,9,2018,junho,6
2018,junho,7,2017,junho,9,2017,junho,7,2018,junho,7
2018,junho,7,2017,junho,10,2017,junho,8,2018,junho,7
2018,junho,7,2017,junho,11,2017,junho,9,2018,junho,7
2018,junho,8,2017,junho,10,2017,junho,8,2018,junho,8
2018,junho,8,2017,junho,11,2017,junho,9,2018,junho,8
2018,junho,8,2017,junho,15,2017,junho,13,2018,junho,8
2018,junho,9,2017,junho,11,2017,junho,9,2018,junho,9
2018,junho,12,2017,junho,14,2017,junho,12,2018,junho,12
2018,junho,12,2017,junho,15,2017,junho,13,2018,junho,12
2018,junho,12,2017,junho,16,2017,junho,14,2018,junho,12
2018,junho,13,2017,junho,15,2017,junho,13,2018,junho,13
2018,junho,13,2017,junho,16,2017,junho,14,2018,junho,13
2018,junho,14,2017,junho,16,2017,junho,14,2018,junho,14
2018,junho,14,2017,junho,17,2017,junho,15,2018,junho,14
2018,junho,15,2017,junho,17,2017,junho,15,2018,junho,15
2018,junho,15,2017,junho,18,2017,junho,16,2018,junho,15
2018,junho,16,2017,junho,17,2017,junho,15,2018,junho,16
2018,junho,16,2017,junho,18,2017,junho,16,2018,junho,16
2018,junho,16,2017,junho,21,2017,junho,19,2018,junho,16
2018,junho,16,2017,junho,22,2017,junho,20,2018,junho,16
2018,junho,19,2017,junho,18,2017,junho,16,2018,junho,19
2018,junho,19,2017,junho,19,2017,junho,17,2018,junho,19
2018,junho,19,2017,junho,21,2017,junho,19,2018,junho,19
2018,junho,20,2017,junho,21,2017,junho,19,2018,junho,20
2018,junho,20,2017,junho,22,2017,junho,20,2018,junho,20
2018,junho,20,2017,junho,23,2017,junho,21,2018,junho,20
2018,junho,21,2017,junho,22,2017,junho,20,2018,junho,21
2018,junho,21,2017,junho,23,2017,junho,21,2018,junho,21
2018,junho,22,2017,junho,23,2017,junho,21,2018,junho,22
2018,junho,22,2017,junho,24,2017,junho,22,2018,junho,22
2018,junho,23,2017,junho,21,2017,junho,19,2018,junho,23
2018,junho,23,2017,junho,22,2017,junho,20,2018,junho,23
2018,junho,23,2017,junho,24,2017,junho,22,2018,junho,23
2018,junho,23,2017,junho,25,2017,junho,23,2018,junho,23
2018,junho,23,2017,junho,30,2017,junho,28,2018,junho,23
2018,junho,25,2017,agosto,27,2017,agosto,25,2018,junho,25
2018,junho,26,2017,junho,21,2017,junho,19,2018,junho,26
2018,junho,26,2017,junho,25,2017,junho,23,2018,junho,26
2018,junho,26,2017,junho,28,2017,junho,26,2018,junho,26
2018,junho,26,2017,junho,29,2017,junho,27,2018,junho,26
2018,junho,26,2017,julho,5,2017,julho,3,2018,junho,26
2018,junho,26,2017,julho,9,2017,julho,7,2018,junho,26
2018,junho,27,2017,junho,28,2017,junho,26,2018,junho,27
2018,junho,27,2017,junho,29,2017,junho,27,2018,junho,27
2018,junho,27,2017,junho,30,2017,junho,28,2018,junho,27
2018,junho,27,2017,julho,1,2017,junho,29,2018,junho,27
2018,junho,27,2017,julho,5,2017,julho,3,2018,junho,27
2018,junho,28,2017,junho,30,2017,junho,28,2018,junho,28
2018,junho,28,2017,julho,1,2017,junho,29,2018,junho,28
2018,junho,28,2017,julho,5,2017,julho,3,2018,junho,28
2018,junho,28,2017,julho,8,2017,julho,6,2018,junho,28
2018,junho,28,2017,julho,9,2017,julho,7,2018,junho,28
2018,junho,28,2017,julho,12,2017,julho,10,2018,junho,28
2018,junho,29,2017,julho,1,2017,junho,29,2018,junho,29
2018,junho,29,2017,julho,5,2017,julho,3,2018,junho,29
2018,junho,29,2017,julho,9,2017,julho,7,2018,junho,29
2018,junho,29,2017,julho,12,2017,julho,10,2018,junho,29
2018,julho,1,2017,julho,3,2017,julho,1,2018,julho,1
2018,julho,1,2017,julho,5,2017,julho,3,2018,julho,1
2018,julho,3,2017,julho,5,2017,julho,3,2018,julho,3
2018,julho,3,2017,julho,6,2017,julho,4,2018,julho,3
2018,julho,4,2017,julho,6,2017,julho,4,2018,julho,4
2018,julho,4,2017,julho,8,2017,julho,6,2018,julho,4
2018,julho,5,2017,julho,5,2017,julho,3,2018,julho,5
2018,julho,5,2017,julho,6,2017,julho,4,2018,julho,5
2018,julho,5,2017,julho,7,2017,julho,5,2018,julho,5
2018,julho,5,2017,julho,8,2017,julho,6,2018,julho,5
2018,julho,5,2017,julho,9,2017,julho,7,2018,julho,5
2018,julho,6,2017,julho,6,2017,julho,4,2018,julho,6
2018,julho,6,2017,julho,8,2017,julho,6,2018,julho,6
2018,julho,6,2017,julho,9,2017,julho,7,2018,julho,6
2018,julho,7,2017,julho,6,2017,julho,4,2018,julho,7
2018,julho,7,2017,julho,8,2017,julho,6,2018,julho,7
2018,julho,7,2017,julho,9,2017,julho,7,2018,julho,7
2018,julho,10,2017,julho,12,2017,julho,10,2018,julho,10
2018,julho,10,2017,julho,13,2017,julho,11,2018,julho,10
2018,julho,11,2017,julho,12,2017,julho,10,2018,julho,11
2018,julho,11,2017,julho,13,2017,julho,11,2018,julho,11
2018,julho,11,2017,julho,14,2017,julho,12,2018,julho,11
2018,julho,12,2017,julho,13,2017,julho,11,2018,julho,12
2018,julho,12,2017,julho,14,2017,julho,12,2018,julho,12
2018,julho,17,2017,julho,19,2017,julho,17,2018,julho,17
2018,julho,18,2017,julho,20,2017,julho,18,2018,julho,18
2018,julho,19,2017,julho,21,2017,julho,19,2018,julho,19
2018,julho,19,2017,julho,22,2017,julho,20,2018,julho,19
2018,julho,19,2017,julho,26,2017,julho,24,2018,julho,19
2018,julho,20,2017,julho,22,2017,julho,20,2018,julho,20
2018,julho,20,2017,julho,23,2017,julho,21,2018,julho,20
2018,julho,20,2017,julho,28,2017,julho,26,2018,julho,20
2018,julho,21,2017,julho,23,2017,julho,21,2018,julho,21
2018,julho,24,2017,julho,26,2017,julho,24,2018,julho,24
2018,julho,24,2017,julho,27,2017,julho,25,2018,julho,24
2018,julho,24,2017,julho,28,2017,julho,26,2018,julho,24
2018,julho,24,2017,agosto,11,2017,agosto,9,2018,julho,24
2018,julho,25,2017,julho,27,2017,julho,25,2018,julho,25
2018,julho,25,2017,julho,28,2017,julho,26,2018,julho,25
2018,julho,25,2017,julho,29,2017,julho,27,2018,julho,25
2018,julho,26,2017,julho,20,2017,julho,18,2018,julho,26
2018,julho,26,2017,julho,28,2017,julho,26,2018,julho,26
2018,julho,26,2017,julho,29,2017,julho,27,2018,julho,26
2018,julho,27,2017,julho,29,2017,julho,27,2018,julho,27
2018,julho,27,2017,julho,30,2017,julho,28,2018,julho,27
2018,julho,28,2017,julho,29,2017,julho,27,2018,julho,28
2018,julho,28,2017,julho,30,2017,julho,28,2018,julho,28
2018,julho,28,2017,agosto,2,2017,julho,31,2018,julho,28
2018,julho,31,2017,julho,30,2017,julho,28,2018,julho,31
2018,julho,31,2017,agosto,2,2017,julho,31,2018,julho,31
2018,julho,31,2017,agosto,3,2017,agosto,1,2018,julho,31
2018,julho,31,2017,agosto,4,2017,agosto,2,2018,julho,31
2018,agosto,1,2017,agosto,2,2017,julho,31,2018,agosto,1
2018,agosto,1,2017,agosto,3,2017,agosto,1,2018,agosto,1
2018,agosto,1,2017,agosto,5,2017,agosto,3,2018,agosto,1
2018,agosto,2,2017,agosto,3,2017,agosto,1,2018,agosto,2
2018,agosto,2,2017,agosto,4,2017,agosto,2,2018,agosto,2
2018,agosto,3,2017,agosto,5,2017,agosto,3,2018,agosto,3
2018,agosto,3,2017,agosto,6,2017,agosto,4,2018,agosto,3
2018,agosto,3,2017,agosto,11,2017,agosto,9,2018,agosto,3
2018,agosto,4,2017,agosto,6,2017,agosto,4,2018,agosto,4
2018,agosto,4,2017,agosto,9,2017,agosto,7,2018,agosto,4
2018,agosto,7,2017,agosto,9,2017,agosto,7,2018,agosto,7
2018,agosto,7,2017,agosto,10,2017,agosto,8,2018,agosto,7
2018,agosto,7,2017,agosto,12,2017,agosto,10,2018,agosto,7
2018,agosto,8,2017,agosto,10,2017,agosto,8,2018,agosto,8
2018,agosto,8,2017,agosto,11,2017,agosto,9,2018,agosto,8
2018,agosto,8,2017,agosto,12,2017,agosto,10,2018,agosto,8
2018,agosto,9,2017,agosto,11,2017,agosto,9,2018,agosto,9
2018,agosto,9,2017,agosto,12,2017,agosto,10,2018,agosto,9
2018,agosto,9,2017,agosto,13,2017,agosto,11,2018,agosto,9
2018,agosto,10,2017,agosto,12,2017,agosto,10,2018,agosto,10
2018,agosto,10,2017,agosto,13,2017,agosto,11,2018,agosto,10
2018,agosto,10,2017,agosto,16,2017,agosto,14,2018,agosto,10
2018,agosto,11,2017,agosto,13,2017,agosto,11,2018,agosto,11
2018,agosto,11,2017,agosto,16,2017,agosto,14,2018,agosto,11
2018,agosto,14,2017,agosto,16,2017,agosto,14,2018,agosto,14
2018,agosto,14,2017,agosto,17,2017,agosto,15,2018,agosto,14
2018,agosto,15,2017,agosto,17,2017,agosto,15,2018,agosto,15
2018,agosto,15,2017,agosto,18,2017,agosto,16,2018,agosto,15
2018,agosto,16,2017,agosto,18,2017,agosto,16,2018,agosto,16
2018,agosto,17,2017,agosto,19,2017,agosto,17,2018,agosto,17
2018,agosto,18,2017,agosto,19,2017,agosto,17,2018,agosto,18
2018,agosto,18,2017,agosto,20,2017,agosto,18,2018,agosto,18
2018,agosto,18,2017,agosto,23,2017,agosto,21,2018,agosto,18
2018,agosto,21,2017,agosto,20,2017,agosto,18,2018,agosto,21
2018,agosto,21,2017,agosto,23,2017,agosto,21,2018,agosto,21
2018,agosto,21,2017,agosto,24,2017,agosto,22,2018,agosto,21
2018,agosto,21,2017,agosto,25,2017,agosto,23,2018,agosto,21
2018,agosto,22,2017,agosto,24,2017,agosto,22,2018,agosto,22
2018,agosto,22,2017,agosto,25,2017,agosto,23,2018,agosto,22
2018,agosto,23,2017,agosto,25,2017,agosto,23,2018,agosto,23
2018,agosto,23,2017,agosto,26,2017,agosto,24,2018,agosto,23
2018,agosto,24,2017,agosto,25,2017,agosto,23,2018,agosto,24
2018,agosto,24,2017,agosto,26,2017,agosto,24,2018,agosto,24
2018,agosto,24,2017,agosto,27,2017,agosto,25,2018,agosto,24
2018,agosto,24,2017,outubro,26,2017,outubro,24,2018,agosto,24
2018,agosto,25,2017,agosto,26,2017,agosto,24,2018,agosto,25
2018,agosto,25,2017,agosto,27,2017,agosto,25,2018,agosto,25
2018,agosto,25,2017,agosto,30,2017,agosto,28,2018,agosto,25
2018,agosto,28,2017,agosto,27,2017,agosto,25,2018,agosto,28
2018,agosto,28,2017,agosto,30,2017,agosto,28,2018,agosto,28
2018,agosto,28,2017,agosto,31,2017,agosto,29,2018,agosto,28
2018,agosto,29,2017,agosto,31,2017,agosto,29,2018,agosto,29
2018,agosto,30,2017,setembro,1,2017,agosto,30,2018,agosto,30
2018,agosto,30,2017,setembro,2,2017,agosto,31,2018,agosto,30
2018,agosto,31,2017,setembro,2,2017,agosto,31,2018,agosto,31
2018,agosto,31,2017,outubro,5,2017,outubro,3,2018,agosto,31
2018,setembro,1,2017,setembro,2,2017,agosto,31,2018,setembro,1
2018,setembro,1,2017,setembro,3,2017,setembro,1,2018,setembro,1
2018,setembro,1,2017,setembro,6,2017,setembro,4,2018,setembro,1
2018,setembro,3,2017,setembro,6,2017,setembro,4,2018,setembro,3
2018,setembro,4,2017,setembro,6,2017,setembro,4,2018,setembro,4
2018,setembro,4,2017,setembro,7,2017,setembro,5,2018,setembro,4
2018,setembro,5,2017,setembro,7,2017,setembro,5,2018,setembro,5
2018,setembro,5,2017,setembro,8,2017,setembro,6,2018,setembro,5
2018,setembro,6,2017,setembro,7,2017,setembro,5,2018,setembro,6
2018,setembro,6,2017,setembro,8,2017,setembro,6,2018,setembro,6
2018,setembro,6,2017,setembro,9,2017,setembro,7,2018,setembro,6
2018,setembro,7,2017,setembro,9,2017,setembro,7,2018,setembro,7
2018,setembro,7,2017,setembro,10,2017,setembro,8,2018,setembro,7
2018,setembro,7,2017,setembro,14,2017,setembro,12,2018,setembro,7
2018,setembro,8,2017,setembro,10,2017,setembro,8,2018,setembro,8
2018,setembro,12,2017,setembro,14,2017,setembro,12,2018,setembro,12
2018,setembro,12,2017,setembro,16,2017,setembro,14,2018,setembro,12
2018,setembro,13,2017,setembro,15,2017,setembro,13,2018,setembro,13
2018,setembro,13,2017,setembro,16,2017,setembro,14,2018,setembro,13
2018,setembro,14,2017,setembro,16,2017,setembro,14,2018,setembro,14
2018,setembro,14,2017,setembro,17,2017,setembro,15,2018,setembro,14
2018,setembro,14,2017,setembro,20,2017,setembro,18,2018,setembro,14
2018,setembro,14,2017,setembro,21,2017,setembro,19,2018,setembro,14
2018,setembro,15,2017,setembro,17,2017,setembro,15,2018,setembro,15
2018,setembro,15,2017,setembro,20,2017,setembro,18,2018,setembro,15
2018,setembro,18,2017,setembro,20,2017,setembro,18,2018,setembro,18
2018,setembro,18,2017,setembro,21,2017,setembro,19,2018,setembro,18
2018,setembro,18,2017,setembro,22,2017,setembro,20,2018,setembro,18
2018,setembro,19,2017,setembro,21,2017,setembro,19,2018,setembro,19
2018,setembro,19,2017,setembro,22,2017,setembro,20,2018,setembro,19
2018,setembro,20,2017,setembro,22,2017,setembro,20,2018,setembro,20
2018,setembro,20,2017,setembro,23,2017,setembro,21,2018,setembro,20
2018,setembro,20,2017,setembro,24,2017,setembro,22,2018,setembro,20
2018,setembro,21,2017,setembro,22,2017,setembro,20,2018,setembro,21
2018,setembro,21,2017,setembro,23,2017,setembro,21,2018,setembro,21
2018,setembro,22,2017,setembro,24,2017,setembro,22,2018,setembro,22
2018,setembro,22,2017,setembro,27,2017,setembro,25,2018,setembro,22
2018,setembro,22,2017,outubro,1,2017,setembro,29,2018,setembro,22
2018,setembro,24,2017,setembro,27,2017,setembro,25,2018,setembro,24
2018,setembro,25,2017,setembro,27,2017,setembro,25,2018,setembro,25
2018,setembro,25,2017,setembro,28,2017,setembro,26,2018,setembro,25
2018,setembro,26,2017,setembro,28,2017,setembro,26,2018,setembro,26
2018,setembro,26,2017,setembro,29,2017,setembro,27,2018,setembro,26
2018,setembro,26,2017,setembro,30,2017,setembro,28,2018,setembro,26
2018,setembro,27,2017,setembro,29,2017,setembro,27,2018,setembro,27
2018,setembro,27,2017,setembro,30,2017,setembro,28,2018,setembro,27
2018,setembro,27,2017,outubro,6,2017,outubro,4,2018,setembro,27
2018,setembro,28,2017,setembro,30,2017,setembro,28,2018,setembro,28
2018,setembro,28,2017,outubro,4,2017,outubro,2,2018,setembro,28
2018,setembro,29,2017,outubro,1,2017,setembro,29,2018,setembro,29
2018,outubro,2,2017,outubro,4,2017,outubro,2,2018,outubro,2
2018,outubro,2,2017,outubro,5,2017,outubro,3,2018,outubro,2
2018,outubro,3,2017,outubro,4,2017,outubro,2,2018,outubro,3
2018,outubro,3,2017,outubro,5,2017,outubro,3,2018,outubro,3
2018,outubro,4,2017,outubro,5,2017,outubro,3,2018,outubro,4
2018,outubro,4,2017,outubro,6,2017,outubro,4,2018,outubro,4
2018,outubro,4,2017,outubro,7,2017,outubro,5,2018,outubro,4
2018,outubro,5,2017,outubro,6,2017,outubro,4,2018,outubro,5
2018,outubro,5,2017,outubro,7,2017,outubro,5,2018,outubro,5
2018,outubro,5,2017,outubro,8,2017,outubro,6,2018,outubro,5
2018,outubro,5,2017,outubro,11,2017,outubro,9,2018,outubro,5
2018,outubro,6,2017,outubro,7,2017,outubro,5,2018,outubro,6
2018,outubro,6,2017,outubro,8,2017,outubro,6,2018,outubro,6
2018,outubro,6,2017,outubro,11,2017,outubro,9,2018,outubro,6
2018,outubro,9,2017,outubro,8,2017,outubro,6,2018,outubro,9
2018,outubro,9,2017,outubro,11,2017,outubro,9,2018,outubro,9
2018,outubro,9,2017,outubro,12,2017,outubro,10,2018,outubro,9
2018,outubro,9,2017,outubro,13,2017,outubro,11,2018,outubro,9
2018,outubro,10,2017,outubro,7,2017,outubro,5,2018,outubro,10
2018,outubro,10,2017,outubro,11,2017,outubro,9,2018,outubro,10
2018,outubro,10,2017,outubro,12,2017,outubro,10,2018,outubro,10
2018,outubro,11,2017,outubro,7,2017,outubro,5,2018,outubro,11
2018,outubro,11,2017,outubro,12,2017,outubro,10,2018,outubro,11
2018,outubro,11,2017,outubro,13,2017,outubro,11,2018,outubro,11
2018,outubro,11,2017,novembro,1,2017,outubro,30,2018,outubro,11
2018,outubro,12,2017,outubro,7,2017,outubro,5,2018,outubro,12
2018,outubro,12,2017,outubro,13,2017,outubro,11,2018,outubro,12
2018,outubro,12,2017,outubro,14,2017,outubro,12,2018,outubro,12
2018,outubro,12,2017,outubro,15,2017,outubro,13,2018,outubro,12
2018,outubro,13,2017,outubro,7,2017,outubro,5,2018,outubro,13
2018,outubro,13,2017,outubro,14,2017,outubro,12,2018,outubro,13
2018,outubro,13,2017,outubro,15,2017,outubro,13,2018,outubro,13
2018,outubro,13,2017,outubro,29,2017,outubro,27,2018,outubro,13
2018,outubro,14,2017,outubro,20,2017,outubro,18,2018,outubro,14
2018,outubro,16,2017,outubro,18,2017,outubro,16,2018,outubro,16
2018,outubro,17,2017,outubro,19,2017,outubro,17,2018,outubro,17
2018,outubro,17,2017,outubro,25,2017,outubro,23,2018,outubro,17
2018,outubro,17,2017,outubro,26,2017,outubro,24,2018,outubro,17
2018,outubro,18,2017,outubro,20,2017,outubro,18,2018,outubro,18
2018,outubro,18,2017,outubro,21,2017,outubro,19,2018,outubro,18
2018,outubro,19,2017,outubro,21,2017,outubro,19,2018,outubro,19
2018,outubro,19,2017,outubro,22,2017,outubro,20,2018,outubro,19
2018,outubro,19,2017,outubro,25,2017,outubro,23,2018,outubro,19
2018,outubro,20,2017,outubro,22,2017,outubro,20,2018,outubro,20
2018,outubro,20,2017,novembro,16,2017,novembro,14,2018,outubro,20
2018,outubro,23,2017,outubro,25,2017,outubro,23,2018,outubro,23
2018,outubro,23,2017,outubro,26,2017,outubro,24,2018,outubro,23
2018,outubro,24,2017,outubro,26,2017,outubro,24,2018,outubro,24
2018,outubro,24,2017,outubro,27,2017,outubro,25,2018,outubro,24
2018,outubro,25,2017,outubro,27,2017,outubro,25,2018,outubro,25
2018,outubro,25,2017,outubro,28,2017,outubro,26,2018,outubro,25
2018,outubro,26,2017,outubro,28,2017,outubro,26,2018,outubro,26
2018,outubro,26,2017,dezembro,28,2017,dezembro,26,2018,outubro,26
2018,outubro,27,2017,outubro,29,2017,outubro,27,2018,outubro,27
2018,outubro,27,2017,novembro,1,2017,outubro,30,2018,outubro,27
2018,outubro,30,2017,novembro,1,2017,outubro,30,2018,outubro,30
2018,outubro,30,2017,novembro,17,2017,novembro,15,2018,outubro,30
2018,outubro,31,2017,novembro,2,2017,outubro,31,2018,outubro,31
2018,outubro,31,2017,novembro,3,2017,novembro,1,2018,outubro,31
2018,novembro,1,2017,novembro,3,2017,novembro,1,2018,novembro,1
2018,novembro,1,2017,novembro,4,2017,novembro,2,2018,novembro,1
2018,novembro,2,2017,novembro,4,2017,novembro,2,2018,novembro,2
2018,novembro,2,2017,novembro,18,2017,novembro,16,2018,novembro,2
2018,novembro,2,2017,dezembro,7,2017,dezembro,5,2018,novembro,2
2018,novembro,3,2017,novembro,5,2017,novembro,3,2018,novembro,3
2018,novembro,3,2017,novembro,8,2017,novembro,6,2018,novembro,3
2018,novembro,6,2017,novembro,8,2017,novembro,6,2018,novembro,6
2018,novembro,7,2017,novembro,9,2017,novembro,7,2018,novembro,7
2018,novembro,7,2017,novembro,10,2017,novembro,8,2018,novembro,7
2018,novembro,8,2017,novembro,9,2017,novembro,7,2018,novembro,8
2018,novembro,8,2017,novembro,10,2017,novembro,8,2018,novembro,8
2018,novembro,8,2017,novembro,11,2017,novembro,9,2018,novembro,8
2018,novembro,9,2017,novembro,10,2017,novembro,8,2018,novembro,9
2018,novembro,9,2017,novembro,11,2017,novembro,9,2018,novembro,9
2018,novembro,9,2017,novembro,12,2017,novembro,10,2018,novembro,9
2018,novembro,9,2017,novembro,17,2017,novembro,15,2018,novembro,9
2018,novembro,10,2017,novembro,12,2017,novembro,10,2018,novembro,10
2018,novembro,13,2017,novembro,15,2017,novembro,13,2018,novembro,13
2018,novembro,13,2017,novembro,16,2017,novembro,14,2018,novembro,13
2018,novembro,13,2017,novembro,19,2017,novembro,17,2018,novembro,13
2018,novembro,14,2017,novembro,15,2017,novembro,13,2018,novembro,14
2018,novembro,14,2017,novembro,16,2017,novembro,14,2018,novembro,14
2018,novembro,15,2017,novembro,17,2017,novembro,15,2018,novembro,15
2018,novembro,15,2017,novembro,18,2017,novembro,16,2018,novembro,15
2018,novembro,16,2017,novembro,18,2017,novembro,16,2018,novembro,16
2018,novembro,16,2017,novembro,19,2017,novembro,17,2018,novembro,16
2018,novembro,17,2017,novembro,18,2017,novembro,16,2018,novembro,17
2018,novembro,17,2017,novembro,19,2017,novembro,17,2018,novembro,17
2018,novembro,20,2017,novembro,22,2017,novembro,20,2018,novembro,20
2018,novembro,20,2017,novembro,23,2017,novembro,21,2018,novembro,20
2018,novembro,21,2017,novembro,22,2017,novembro,20,2018,novembro,21
2018,novembro,21,2017,novembro,23,2017,novembro,21,2018,novembro,21
2018,novembro,22,2017,novembro,24,2017,novembro,22,2018,novembro,22
2018,novembro,22,2017,novembro,26,2017,novembro,24,2018,novembro,22
2018,novembro,23,2017,novembro,25,2017,novembro,23,2018,novembro,23
2018,novembro,23,2017,novembro,26,2017,novembro,24,2018,novembro,23
2018,novembro,23,2017,novembro,30,2017,novembro,28,2018,novembro,23
2018,novembro,24,2017,novembro,26,2017,novembro,24,2018,novembro,24
2018,novembro,24,2017,novembro,29,2017,novembro,27,2018,novembro,24
2018,novembro,24,2017,novembro,30,2017,novembro,28,2018,novembro,24
2018,novembro,24,2017,dezembro,3,2017,dezembro,1,2018,novembro,24
2018,novembro,27,2017,novembro,29,2017,novembro,27,2018,novembro,27
2018,novembro,27,2017,novembro,30,2017,novembro,28,2018,novembro,27
2018,novembro,28,2017,novembro,30,2017,novembro,28,2018,novembro,28
2018,novembro,28,2017,dezembro,1,2017,novembro,29,2018,novembro,28
2018,novembro,28,2017,dezembro,2,2017,novembro,30,2018,novembro,28
2018,novembro,29,2017,dezembro,1,2017,novembro,29,2018,novembro,29
2018,novembro,29,2017,dezembro,2,2017,novembro,30,2018,novembro,29
2018,novembro,29,2017,dezembro,8,2017,dezembro,6,2018,novembro,29
2018,novembro,30,2017,dezembro,2,2017,novembro,30,2018,novembro,30
2018,novembro,30,2017,dezembro,6,2017,dezembro,4,2018,novembro,30
2018,dezembro,1,2017,dezembro,3,2017,dezembro,1,2018,dezembro,1
2018,dezembro,4,2017,dezembro,6,2017,dezembro,4,2018,dezembro,4
2018,dezembro,4,2017,dezembro,7,2017,dezembro,5,2018,dezembro,4
2018,dezembro,5,2017,dezembro,6,2017,dezembro,4,2018,dezembro,5
2018,dezembro,5,2017,dezembro,7,2017,dezembro,5,2018,dezembro,5
2018,dezembro,6,2017,dezembro,7,2017,dezembro,5,2018,dezembro,6
2018,dezembro,6,2017,dezembro,8,2017,dezembro,6,2018,dezembro,6
2018,dezembro,6,2017,dezembro,9,2017,dezembro,7,2018,dezembro,6
2018,dezembro,7,2017,dezembro,8,2017,dezembro,6,2018,dezembro,7
2018,dezembro,7,2017,dezembro,9,2017,dezembro,7,2018,dezembro,7
2018,dezembro,7,2017,dezembro,10,2017,dezembro,8,2018,dezembro,7
2018,dezembro,7,2017,dezembro,13,2017,dezembro,11,2018,dezembro,7
2018,dezembro,8,2017,dezembro,9,2017,dezembro,7,2018,dezembro,8
2018,dezembro,8,2017,dezembro,10,2017,dezembro,8,2018,dezembro,8
2018,dezembro,8,2017,dezembro,13,2017,dezembro,11,2018,dezembro,8
2018,dezembro,11,2017,dezembro,10,2017,dezembro,8,2018,dezembro,11
2018,dezembro,11,2017,dezembro,13,2017,dezembro,11,2018,dezembro,11
2018,dezembro,11,2017,dezembro,14,2017,dezembro,12,2018,dezembro,11
2018,dezembro,11,2017,dezembro,15,2017,dezembro,13,2018,dezembro,11
2018,dezembro,12,2017,dezembro,9,2017,dezembro,7,2018,dezembro,12
2018,dezembro,12,2017,dezembro,13,2017,dezembro,11,2018,dezembro,12
2018,dezembro,12,2017,dezembro,14,2017,dezembro,12,2018,dezembro,12
2018,dezembro,13,2017,dezembro,9,2017,dezembro,7,2018,dezembro,13
2018,dezembro,13,2017,dezembro,14,2017,dezembro,12,2018,dezembro,13
2018,dezembro,13,2017,dezembro,15,2017,dezembro,13,2018,dezembro,13
2018,dezembro,13,2018,janeiro,3,2018,janeiro,1,2018,dezembro,13
2018,dezembro,14,2017,dezembro,9,2017,dezembro,7,2018,dezembro,14
2018,dezembro,14,2017,dezembro,15,2017,dezembro,13,2018,dezembro,14
2018,dezembro,14,2017,dezembro,16,2017,dezembro,14,2018,dezembro,14
2018,dezembro,14,2017,dezembro,17,2017,dezembro,15,2018,dezembro,14
2018,dezembro,15,2017,dezembro,9,2017,dezembro,7,2018,dezembro,15
2018,dezembro,15,2017,dezembro,16,2017,dezembro,14,2018,dezembro,15
2018,dezembro,15,2017,dezembro,17,2017,dezembro,15,2018,dezembro,15
2018,dezembro,15,2017,dezembro,31,2017,dezembro,29,2018,dezembro,15
2018,dezembro,16,2017,dezembro,22,2017,dezembro,20,2018,dezembro,16
2018,dezembro,18,2017,dezembro,20,2017,dezembro,18,2018,dezembro,18
2018,dezembro,19,2017,dezembro,21,2017,dezembro,19,2018,dezembro,19
2018,dezembro,19,2017,dezembro,27,2017,dezembro,25,2018,dezembro,19
2018,dezembro,19,2017,dezembro,28,2017,dezembro,26,2018,dezembro,19
2018,dezembro,20,2017,dezembro,22,2017,dezembro,20,2018,dezembro,20
2018,dezembro,20,2017,dezembro,23,2017,dezembro,21,2018,dezembro,20
2018,dezembro,21,2017,dezembro,23,2017,dezembro,21,2018,dezembro,21
2018,dezembro,21,2017,dezembro,24,2017,dezembro,22,2018,dezembro,21
2018,dezembro,21,2017,dezembro,27,2017,dezembro,25,2018,dezembro,21
2018,dezembro,22,2017,dezembro,24,2017,dezembro,22,2018,dezembro,22
2018,dezembro,25,2017,dezembro,27,2017,dezembro,25,2018,dezembro,25
2018,dezembro,25,2017,dezembro,28,2017,dezembro,26,2018,dezembro,25
2018,dezembro,26,2017,dezembro,28,2017,dezembro,26,2018,dezembro,26
2018,dezembro,26,2017,dezembro,29,2017,dezembro,27,2018,dezembro,26
2018,dezembro,27,2017,dezembro,29,2017,dezembro,27,2018,dezembro,27
2018,dezembro,27,2017,dezembro,30,2017,dezembro,28,2018,dezembro,27
2018,dezembro,28,2017,dezembro,30,2017,dezembro,28,2018,dezembro,28
2018,dezembro,29,2017,dezembro,31,2017,dezembro,29,2018,dezembro,29
2018,dezembro,29,2018,janeiro,3,2018,janeiro,1,2018,dezembro,29
2018,dezembro,30,2018,janeiro,1,2017,dezembro,30,2018,dezembro,30
2018,dezembro,30,2018,janeiro,2,2017,dezembro,31,2018,dezembro,30
2018,dezembro,31,2018,janeiro,1,2017,dezembro,30,2018,dezembro,31
2018,dezembro,31,2018,janeiro,2,2017,dezembro,31,2018,dezembro,31
2019,janeiro,1,2018,janeiro,3,2018,janeiro,1,2019,janeiro,1
2019,janeiro,2,2018,janeiro,4,2018,janeiro,2,2019,janeiro,2
2019,janeiro,2,2018,janeiro,5,2018,janeiro,3,2019,janeiro,2
2019,janeiro,3,2018,janeiro,5,2018,janeiro,3,2019,janeiro,3
2019,janeiro,3,2018,janeiro,6,2018,janeiro,4,2019,janeiro,3
2019,janeiro,4,2018,janeiro,6,2018,janeiro,4,2019,janeiro,4
2019,janeiro,5,2018,janeiro,7,2018,janeiro,5,2019,janeiro,5
2019,janeiro,5,2018,janeiro,10,2018,janeiro,8,2019,janeiro,5
2019,janeiro,6,2018,janeiro,8,2018,janeiro,6,2019,janeiro,6
2019,janeiro,7,2018,janeiro,9,2018,janeiro,7,2019,janeiro,7
2019,janeiro,7,2018,janeiro,10,2018,janeiro,8,2019,janeiro,7
2019,janeiro,7,2018,janeiro,14,2018,janeiro,12,2019,janeiro,7
2019,janeiro,8,2018,janeiro,10,2018,janeiro,8,2019,janeiro,8
2019,janeiro,8,2018,janeiro,11,2018,janeiro,9,2019,janeiro,8
2019,janeiro,8,2018,janeiro,16,2018,janeiro,14,2019,janeiro,8
2019,janeiro,9,2018,janeiro,11,2018,janeiro,9,2019,janeiro,9
2019,janeiro,12,2018,janeiro,14,2018,janeiro,12,2019,janeiro,12
2019,janeiro,12,2018,janeiro,15,2018,janeiro,13,2019,janeiro,12
2019,janeiro,12,2018,janeiro,16,2018,janeiro,14,2019,janeiro,12
2019,janeiro,12,2018,janeiro,30,2018,janeiro,28,2019,janeiro,12
2019,janeiro,13,2018,janeiro,15,2018,janeiro,13,2019,janeiro,13
2019,janeiro,13,2018,janeiro,16,2018,janeiro,14,2019,janeiro,13
2019,janeiro,13,2018,janeiro,17,2018,janeiro,15,2019,janeiro,13
2019,janeiro,14,2018,janeiro,8,2018,janeiro,6,2019,janeiro,14
2019,janeiro,14,2018,janeiro,16,2018,janeiro,14,2019,janeiro,14
2019,janeiro,14,2018,janeiro,17,2018,janeiro,15,2019,janeiro,14
2019,janeiro,15,2018,janeiro,17,2018,janeiro,15,2019,janeiro,15
2019,janeiro,15,2018,janeiro,18,2018,janeiro,16,2019,janeiro,15
2019,janeiro,16,2018,janeiro,17,2018,janeiro,15,2019,janeiro,16
2019,janeiro,16,2018,janeiro,18,2018,janeiro,16,2019,janeiro,16
2019,janeiro,16,2018,janeiro,21,2018,janeiro,19,2019,janeiro,16
2019,janeiro,19,2018,janeiro,18,2018,janeiro,16,2019,janeiro,19
2019,janeiro,19,2018,janeiro,21,2018,janeiro,19,2019,janeiro,19
2019,janeiro,19,2018,janeiro,22,2018,janeiro,20,2019,janeiro,19
2019,janeiro,19,2018,janeiro,23,2018,janeiro,21,2019,janeiro,19
2019,janeiro,20,2018,janeiro,21,2018,janeiro,19,2019,janeiro,20
2019,janeiro,20,2018,janeiro,22,2018,janeiro,20,2019,janeiro,20
2019,janeiro,20,2018,janeiro,24,2018,janeiro,22,2019,janeiro,20
2019,janeiro,21,2018,janeiro,22,2018,janeiro,20,2019,janeiro,21
2019,janeiro,21,2018,janeiro,23,2018,janeiro,21,2019,janeiro,21
2019,janeiro,22,2018,janeiro,24,2018,janeiro,22,2019,janeiro,22
2019,janeiro,22,2018,janeiro,25,2018,janeiro,23,2019,janeiro,22
2019,janeiro,22,2018,janeiro,30,2018,janeiro,28,2019,janeiro,22
2019,janeiro,23,2018,janeiro,25,2018,janeiro,23,2019,janeiro,23
2019,janeiro,23,2018,janeiro,28,2018,janeiro,26,2019,janeiro,23
2019,janeiro,26,2018,janeiro,28,2018,janeiro,26,2019,janeiro,26
2019,janeiro,26,2018,janeiro,29,2018,janeiro,27,2019,janeiro,26
2019,janeiro,26,2018,janeiro,31,2018,janeiro,29,2019,janeiro,26
2019,janeiro,27,2018,janeiro,29,2018,janeiro,27,2019,janeiro,27
2019,janeiro,27,2018,janeiro,30,2018,janeiro,28,2019,janeiro,27
2019,janeiro,27,2018,janeiro,31,2018,janeiro,29,2019,janeiro,27
2019,janeiro,28,2018,janeiro,30,2018,janeiro,28,2019,janeiro,28
2019,janeiro,28,2018,janeiro,31,2018,janeiro,29,2019,janeiro,28
2019,janeiro,28,2018,fevereiro,1,2018,janeiro,30,2019,janeiro,28
2019,janeiro,29,2018,janeiro,31,2018,janeiro,29,2019,janeiro,29
2019,janeiro,29,2018,fevereiro,1,2018,janeiro,30,2019,janeiro,29
2019,janeiro,29,2018,fevereiro,4,2018,fevereiro,2,2019,janeiro,29
2019,janeiro,30,2018,fevereiro,1,2018,janeiro,30,2019,janeiro,30
2019,janeiro,30,2018,fevereiro,4,2018,fevereiro,2,2019,janeiro,30
2019,fevereiro,2,2018,fevereiro,4,2018,fevereiro,2,2019,fevereiro,2
2019,fevereiro,2,2018,fevereiro,5,2018,fevereiro,3,2019,fevereiro,2
2019,fevereiro,3,2018,fevereiro,5,2018,fevereiro,3,2019,fevereiro,3
2019,fevereiro,3,2018,fevereiro,6,2018,fevereiro,4,2019,fevereiro,3
2019,fevereiro,4,2018,fevereiro,6,2018,fevereiro,4,2019,fevereiro,4
2019,fevereiro,5,2018,fevereiro,7,2018,fevereiro,5,2019,fevereiro,5
2019,fevereiro,6,2018,fevereiro,7,2018,fevereiro,5,2019,fevereiro,6
2019,fevereiro,6,2018,fevereiro,8,2018,fevereiro,6,2019,fevereiro,6
2019,fevereiro,6,2018,fevereiro,11,2018,fevereiro,9,2019,fevereiro,6
2019,fevereiro,9,2018,fevereiro,8,2018,fevereiro,6,2019,fevereiro,9
2019,fevereiro,9,2018,fevereiro,11,2018,fevereiro,9,2019,fevereiro,9
2019,fevereiro,9,2018,fevereiro,12,2018,fevereiro,10,2019,fevereiro,9
2019,fevereiro,9,2018,fevereiro,13,2018,fevereiro,11,2019,fevereiro,9
2019,fevereiro,10,2018,fevereiro,12,2018,fevereiro,10,2019,fevereiro,10
2019,fevereiro,10,2018,fevereiro,13,2018,fevereiro,11,2019,fevereiro,10
2019,fevereiro,11,2018,fevereiro,13,2018,fevereiro,11,2019,fevereiro,11
2019,fevereiro,11,2018,fevereiro,14,2018,fevereiro,12,2019,fevereiro,11
2019,fevereiro,12,2018,fevereiro,13,2018,fevereiro,11,2019,fevereiro,12
2019,fevereiro,12,2018,fevereiro,14,2018,fevereiro,12,2019,fevereiro,12
2019,fevereiro,12,2018,fevereiro,15,2018,fevereiro,13,2019,fevereiro,12
2019,fevereiro,13,2018,fevereiro,14,2018,fevereiro,12,2019,fevereiro,13
2019,fevereiro,13,2018,fevereiro,15,2018,fevereiro,13,2019,fevereiro,13
2019,fevereiro,13,2018,fevereiro,18,2018,fevereiro,16,2019,fevereiro,13
2019,fevereiro,16,2018,fevereiro,15,2018,fevereiro,13,2019,fevereiro,16
2019,fevereiro,16,2018,fevereiro,18,2018,fevereiro,16,2019,fevereiro,16
2019,fevereiro,16,2018,fevereiro,19,2018,fevereiro,17,2019,fevereiro,16
2019,fevereiro,17,2018,fevereiro,19,2018,fevereiro,17,2019,fevereiro,17
2019,fevereiro,18,2018,fevereiro,20,2018,fevereiro,18,2019,fevereiro,18
2019,fevereiro,18,2018,fevereiro,21,2018,fevereiro,19,2019,fevereiro,18
2019,fevereiro,19,2018,fevereiro,21,2018,fevereiro,19,2019,fevereiro,19
2019,fevereiro,19,2018,março,25,2018,março,23,2019,fevereiro,19
2019,fevereiro,20,2018,fevereiro,21,2018,fevereiro,19,2019,fevereiro,20
2019,fevereiro,20,2018,fevereiro,22,2018,fevereiro,20,2019,fevereiro,20
2019,fevereiro,20,2018,fevereiro,25,2018,fevereiro,23,2019,fevereiro,20
2019,fevereiro,22,2018,fevereiro,25,2018,fevereiro,23,2019,fevereiro,22
2019,fevereiro,23,2018,fevereiro,25,2018,fevereiro,23,2019,fevereiro,23
2019,fevereiro,23,2018,fevereiro,26,2018,fevereiro,24,2019,fevereiro,23
2019,fevereiro,24,2018,fevereiro,26,2018,fevereiro,24,2019,fevereiro,24
2019,fevereiro,24,2018,fevereiro,27,2018,fevereiro,25,2019,fevereiro,24
2019,fevereiro,25,2018,fevereiro,26,2018,fevereiro,24,2019,fevereiro,25
2019,fevereiro,25,2018,fevereiro,27,2018,fevereiro,25,2019,fevereiro,25
2019,fevereiro,25,2018,fevereiro,28,2018,fevereiro,26,2019,fevereiro,25
2019,fevereiro,26,2018,fevereiro,28,2018,fevereiro,26,2019,fevereiro,26
2019,fevereiro,26,2018,março,4,2018,março,2,2019,fevereiro,26
2019,março,2,2018,março,4,2018,março,2,2019,março,2
2019,março,2,2018,março,6,2018,março,4,2019,março,2
2019,março,3,2018,março,5,2018,março,3,2019,março,3
2019,março,3,2018,março,6,2018,março,4,2019,março,3
2019,março,4,2018,março,6,2018,março,4,2019,março,4
2019,março,4,2018,março,7,2018,março,5,2019,março,4
2019,março,4,2018,março,10,2018,março,8,2019,março,4
2019,março,4,2018,março,11,2018,março,9,2019,março,4
2019,março,5,2018,março,7,2018,março,5,2019,março,5
2019,março,5,2018,março,10,2018,março,8,2019,março,5
2019,março,8,2018,março,10,2018,março,8,2019,março,8
2019,março,8,2018,março,11,2018,março,9,2019,março,8
2019,março,8,2018,março,12,2018,março,10,2019,março,8
2019,março,9,2018,março,11,2018,março,9,2019,março,9
2019,março,9,2018,março,12,2018,março,10,2019,março,9
2019,março,10,2018,março,12,2018,março,10,2019,março,10
2019,março,10,2018,março,13,2018,março,11,2019,março,10
2019,março,10,2018,março,14,2018,março,12,2019,março,10
2019,março,11,2018,março,12,2018,março,10,2019,março,11
2019,março,11,2018,março,13,2018,março,11,2019,março,11
2019,março,12,2018,março,14,2018,março,12,2019,março,12
2019,março,12,2018,março,17,2018,março,15,2019,março,12
2019,março,12,2018,março,21,2018,março,19,2019,março,12
2019,março,14,2018,março,17,2018,março,15,2019,março,14
2019,março,15,2018,março,17,2018,março,15,2019,março,15
2019,março,15,2018,março,18,2018,março,16,2019,março,15
2019,março,16,2018,março,18,2018,março,16,2019,março,16
2019,março,16,2018,março,19,2018,março,17,2019,março,16
2019,março,16,2018,março,20,2018,março,18,2019,março,16
2019,março,17,2018,março,19,2018,março,17,2019,março,17
2019,março,17,2018,março,20,2018,março,18,2019,março,17
2019,março,17,2018,março,26,2018,março,24,2019,março,17
2019,março,18,2018,março,20,2018,março,18,2019,março,18
2019,março,18,2018,março,24,2018,março,22,2019,março,18
2019,março,19,2018,março,21,2018,março,19,2019,março,19
2019,março,22,2018,março,24,2018,março,22,2019,março,22
2019,março,22,2018,março,25,2018,março,23,2019,março,22
2019,março,23,2018,março,24,2018,março,22,2019,março,23
2019,março,23,2018,março,25,2018,março,23,2019,março,23
2019,março,24,2018,março,25,2018,março,23,2019,março,24
2019,março,24,2018,março,26,2018,março,24,2019,março,24
2019,março,24,2018,março,27,2018,março,25,2019,março,24
2019,março,25,2018,março,26,2018,março,24,2019,março,25
2019,março,25,2018,março,27,2018,março,25,2019,março,25
2019,março,25,2018,março,28,2018,março,26,2019,março,25
2019,março,26,2018,março,27,2018,março,25,2019,março,26
2019,março,26,2018,março,28,2018,março,26,2019,março,26
2019,março,29,2018,março,28,2018,março,26,2019,março,29
2019,março,29,2018,abril,1,2018,março,30,2019,março,29
2019,março,30,2018,março,27,2018,março,25,2019,março,30
2019,março,30,2018,abril,1,2018,março,30,2019,março,30
2019,março,30,2018,abril,2,2018,março,31,2019,março,30
2019,março,31,2018,março,27,2018,março,25,2019,março,31
2019,março,31,2018,abril,1,2018,março,30,2019,março,31
2019,março,31,2018,abril,2,2018,março,31,2019,março,31
2019,abril,1,2018,março,27,2018,março,25,2019,abril,1
2019,abril,2,2018,março,27,2018,março,25,2019,abril,2
2019,abril,5,2018,abril,7,2018,abril,5,2019,abril,5
2019,abril,6,2018,abril,8,2018,abril,6,2019,abril,6
2019,abril,7,2018,abril,9,2018,abril,7,2019,abril,7
2019,abril,7,2018,abril,10,2018,abril,8,2019,abril,7
2019,abril,7,2018,abril,14,2018,abril,12,2019,abril,7
2019,abril,8,2018,abril,10,2018,abril,8,2019,abril,8
2019,abril,8,2018,abril,11,2018,abril,9,2019,abril,8
2019,abril,8,2018,abril,16,2018,abril,14,2019,abril,8
2019,abril,9,2018,abril,11,2018,abril,9,2019,abril,9
2019,abril,12,2018,abril,14,2018,abril,12,2019,abril,12
2019,abril,12,2018,abril,15,2018,abril,13,2019,abril,12
2019,abril,12,2018,abril,16,2018,abril,14,2019,abril,12
2019,abril,13,2018,abril,15,2018,abril,13,2019,abril,13
2019,abril,13,2018,abril,16,2018,abril,14,2019,abril,13
2019,abril,13,2018,abril,17,2018,abril,15,2019,abril,13
2019,abril,14,2018,abril,8,2018,abril,6,2019,abril,14
2019,abril,14,2018,abril,16,2018,abril,14,2019,abril,14
2019,abril,14,2018,abril,17,2018,abril,15,2019,abril,14
2019,abril,15,2018,abril,17,2018,abril,15,2019,abril,15
2019,abril,15,2018,abril,18,2018,abril,16,2019,abril,15
2019,abril,16,2018,abril,17,2018,abril,15,2019,abril,16
2019,abril,16,2018,abril,18,2018,abril,16,2019,abril,16
2019,abril,16,2018,abril,21,2018,abril,19,2019,abril,16
2019,abril,16,2018,maio,22,2018,maio,20,2019,abril,16
2019,abril,19,2018,abril,18,2018,abril,16,2019,abril,19
2019,abril,19,2018,abril,21,2018,abril,19,2019,abril,19
2019,abril,19,2018,abril,22,2018,abril,20,2019,abril,19
2019,abril,19,2018,abril,23,2018,abril,21,2019,abril,19
2019,abril,20,2018,abril,21,2018,abril,19,2019,abril,20
2019,abril,20,2018,abril,22,2018,abril,20,2019,abril,20
2019,abril,20,2018,abril,24,2018,abril,22,2019,abril,20
2019,abril,21,2018,abril,22,2018,abril,20,2019,abril,21
2019,abril,21,2018,abril,23,2018,abril,21,2019,abril,21
2019,abril,22,2018,abril,24,2018,abril,22,2019,abril,22
2019,abril,22,2018,abril,25,2018,abril,23,2019,abril,22
2019,abril,23,2018,abril,25,2018,abril,23,2019,abril,23
2019,abril,23,2018,abril,28,2018,abril,26,2019,abril,23
2019,abril,23,2018,maio,21,2018,maio,19,2019,abril,23
2019,abril,26,2018,abril,28,2018,abril,26,2019,abril,26
2019,abril,26,2018,abril,29,2018,abril,27,2019,abril,26
2019,abril,27,2018,abril,29,2018,abril,27,2019,abril,27
2019,abril,27,2018,abril,30,2018,abril,28,2019,abril,27
2019,abril,27,2018,maio,1,2018,abril,29,2019,abril,27
2019,abril,28,2018,abril,30,2018,abril,28,2019,abril,28
2019,abril,28,2018,maio,1,2018,abril,29,2019,abril,28
2019,abril,28,2018,maio,2,2018,abril,30,2019,abril,28
2019,abril,28,2018,maio,28,2018,maio,26,2019,abril,28
2019,abril,29,2018,maio,1,2018,abril,29,2019,abril,29
2019,abril,29,2018,maio,2,2018,abril,30,2019,abril,29
2019,abril,29,2018,maio,5,2018,maio,3,2019,abril,29
2019,abril,29,2018,junho,18,2018,junho,16,2019,abril,29
2019,abril,29,2018,junho,19,2018,junho,17,2019,abril,29
2019,abril,29,2018,agosto,12,2018,agosto,10,2019,abril,29
2019,abril,30,2018,maio,2,2018,abril,30,2019,abril,30
2019,abril,30,2018,maio,5,2018,maio,3,2019,abril,30
2019,abril,30,2018,maio,7,2018,maio,5,2019,abril,30
2019,maio,3,2018,maio,5,2018,maio,3,2019,maio,3
2019,maio,3,2018,maio,6,2018,maio,4,2019,maio,3
2019,maio,3,2018,maio,7,2018,maio,5,2019,maio,3
2019,maio,4,2018,maio,6,2018,maio,4,2019,maio,4
2019,maio,4,2018,maio,7,2018,maio,5,2019,maio,4
2019,maio,4,2018,maio,8,2018,maio,6,2019,maio,4
2019,maio,4,2018,maio,13,2018,maio,11,2019,maio,4
2019,maio,4,2018,maio,23,2018,maio,21,2019,maio,4
2019,maio,4,2018,maio,27,2018,maio,25,2019,maio,4
2019,maio,4,2018,junho,2,2018,maio,31,2019,maio,4
2019,maio,4,2018,junho,4,2018,junho,2,2019,maio,4
2019,maio,5,2018,maio,7,2018,maio,5,2019,maio,5
2019,maio,5,2018,maio,8,2018,maio,6,2019,maio,5
2019,maio,5,2018,maio,13,2018,maio,11,2019,maio,5
2019,maio,6,2018,maio,8,2018,maio,6,2019,maio,6
2019,maio,6,2018,maio,9,2018,maio,7,2019,maio,6
2019,maio,7,2018,maio,9,2018,maio,7,2019,maio,7
2019,maio,7,2018,maio,12,2018,maio,10,2019,maio,7
2019,maio,10,2018,maio,12,2018,maio,10,2019,maio,10
2019,maio,10,2018,maio,13,2018,maio,11,2019,maio,10
2019,maio,11,2018,maio,12,2018,maio,10,2019,maio,11
2019,maio,11,2018,maio,13,2018,maio,11,2019,maio,11
2019,maio,11,2018,maio,14,2018,maio,12,2019,maio,11
2019,maio,11,2018,maio,15,2018,maio,13,2019,maio,11
2019,maio,11,2018,junho,3,2018,junho,1,2019,maio,11
2019,maio,12,2018,maio,14,2018,maio,12,2019,maio,12
2019,maio,12,2018,maio,15,2018,maio,13,2019,maio,12
2019,maio,13,2018,maio,15,2018,maio,13,2019,maio,13
2019,maio,13,2018,maio,16,2018,maio,14,2019,maio,13
2019,maio,14,2018,maio,16,2018,maio,14,2019,maio,14
2019,maio,14,2018,maio,19,2018,maio,17,2019,maio,14
2019,maio,14,2018,maio,20,2018,maio,18,2019,maio,14
2019,maio,15,2018,maio,19,2018,maio,17,2019,maio,15
2019,maio,17,2018,maio,19,2018,maio,17,2019,maio,17
2019,maio,17,2018,maio,21,2018,maio,19,2019,maio,17
2019,maio,18,2018,maio,20,2018,maio,18,2019,maio,18
2019,maio,18,2018,maio,21,2018,maio,19,2019,maio,18
2019,maio,19,2018,maio,21,2018,maio,19,2019,maio,19
2019,maio,19,2018,maio,23,2018,maio,21,2019,maio,19
2019,maio,20,2018,maio,22,2018,maio,20,2019,maio,20
2019,maio,20,2018,maio,23,2018,maio,21,2019,maio,20
2019,maio,20,2018,maio,27,2018,maio,25,2019,maio,20
2019,maio,20,2018,maio,28,2018,maio,26,2019,maio,20
2019,maio,20,2018,junho,6,2018,junho,4,2019,maio,20
2019,maio,21,2018,maio,23,2018,maio,21,2019,maio,21
2019,maio,21,2018,maio,27,2018,maio,25,2019,maio,21
2019,maio,21,2018,maio,30,2018,maio,28,2019,maio,21
2019,maio,25,2018,maio,27,2018,maio,25,2019,maio,25
2019,maio,25,2018,maio,28,2018,maio,26,2019,maio,25
2019,maio,25,2018,maio,30,2018,maio,28,2019,maio,25
2019,maio,26,2018,maio,27,2018,maio,25,2019,maio,26
2019,maio,26,2018,maio,28,2018,maio,26,2019,maio,26
2019,maio,26,2018,maio,29,2018,maio,27,2019,maio,26
2019,maio,26,2018,maio,30,2018,maio,28,2019,maio,26
2019,maio,27,2018,maio,29,2018,maio,27,2019,maio,27
2019,maio,27,2018,maio,30,2018,maio,28,2019,maio,27
2019,maio,27,2018,junho,2,2018,maio,31,2019,maio,27
2019,maio,27,2018,junho,3,2018,junho,1,2019,maio,27
2019,maio,28,2018,maio,30,2018,maio,28,2019,maio,28
2019,maio,28,2018,junho,4,2018,junho,2,2019,maio,28
2019,maio,28,2018,junho,6,2018,junho,4,2019,maio,28
2019,maio,31,2018,junho,2,2018,maio,31,2019,maio,31
2019,maio,31,2018,junho,3,2018,junho,1,2019,maio,31
2019,maio,31,2018,junho,4,2018,junho,2,2019,maio,31
2019,junho,1,2018,junho,3,2018,junho,1,2019,junho,1
2019,junho,1,2018,junho,4,2018,junho,2,2019,junho,1
2019,junho,2,2018,junho,4,2018,junho,2,2019,junho,2
2019,junho,2,2018,junho,5,2018,junho,3,2019,junho,2
2019,junho,3,2018,junho,5,2018,junho,3,2019,junho,3
2019,junho,3,2018,junho,6,2018,junho,4,2019,junho,3
2019,junho,4,2018,junho,5,2018,junho,3,2019,junho,4
2019,junho,4,2018,junho,6,2018,junho,4,2019,junho,4
2019,junho,4,2018,junho,9,2018,junho,7,2019,junho,4
2019,junho,4,2018,junho,10,2018,junho,8,2019,junho,4
2019,junho,7,2018,junho,6,2018,junho,4,2019,junho,7
2019,junho,7,2018,junho,7,2018,junho,5,2019,junho,7
2019,junho,7,2018,junho,9,2018,junho,7,2019,junho,7
2019,junho,8,2018,junho,9,2018,junho,7,2019,junho,8
2019,junho,8,2018,junho,10,2018,junho,8,2019,junho,8
2019,junho,8,2018,junho,11,2018,junho,9,2019,junho,8
2019,junho,9,2018,junho,10,2018,junho,8,2019,junho,9
2019,junho,9,2018,junho,11,2018,junho,9,2019,junho,9
2019,junho,10,2018,junho,11,2018,junho,9,2019,junho,10
2019,junho,10,2018,junho,12,2018,junho,10,2019,junho,10
2019,junho,11,2018,junho,9,2018,junho,7,2019,junho,11
2019,junho,11,2018,junho,10,2018,junho,8,2019,junho,11
2019,junho,11,2018,junho,12,2018,junho,10,2019,junho,11
2019,junho,11,2018,junho,13,2018,junho,11,2019,junho,11
2019,junho,11,2018,junho,18,2018,junho,16,2019,junho,11
2019,junho,11,2018,julho,8,2018,julho,6,2019,junho,11
2019,junho,13,2018,agosto,15,2018,agosto,13,2019,junho,13
2019,junho,14,2018,junho,9,2018,junho,7,2019,junho,14
2019,junho,14,2018,junho,13,2018,junho,11,2019,junho,14
2019,junho,14,2018,junho,16,2018,junho,14,2019,junho,14
2019,junho,14,2018,junho,17,2018,junho,15,2019,junho,14
2019,junho,14,2018,junho,23,2018,junho,21,2019,junho,14
2019,junho,14,2018,junho,27,2018,junho,25,2019,junho,14
2019,junho,15,2018,junho,16,2018,junho,14,2019,junho,15
2019,junho,15,2018,junho,17,2018,junho,15,2019,junho,15
2019,junho,15,2018,junho,18,2018,junho,16,2019,junho,15
2019,junho,15,2018,junho,19,2018,junho,17,2019,junho,15
2019,junho,15,2018,junho,23,2018,junho,21,2019,junho,15
2019,junho,16,2018,junho,9,2018,junho,7,2019,junho,16
2019,junho,16,2018,junho,18,2018,junho,16,2019,junho,16
2019,junho,16,2018,junho,19,2018,junho,17,2019,junho,16
2019,junho,16,2018,junho,23,2018,junho,21,2019,junho,16
2019,junho,16,2018,junho,26,2018,junho,24,2019,junho,16
2019,junho,16,2018,junho,27,2018,junho,25,2019,junho,16
2019,junho,16,2018,junho,30,2018,junho,28,2019,junho,16
2019,junho,17,2018,junho,19,2018,junho,17,2019,junho,17
2019,junho,17,2018,junho,23,2018,junho,21,2019,junho,17
2019,junho,17,2018,junho,27,2018,junho,25,2019,junho,17
2019,junho,17,2018,junho,30,2018,junho,28,2019,junho,17
2019,junho,19,2018,junho,21,2018,junho,19,2019,junho,19
2019,junho,19,2018,junho,23,2018,junho,21,2019,junho,19
2019,junho,21,2018,junho,23,2018,junho,21,2019,junho,21
2019,junho,21,2018,junho,24,2018,junho,22,2019,junho,21
2019,junho,21,2018,junho,26,2018,junho,24,2019,junho,21
2019,junho,22,2018,junho,24,2018,junho,22,2019,junho,22
2019,junho,22,2018,junho,26,2018,junho,24,2019,junho,22
2019,junho,23,2018,junho,23,2018,junho,21,2019,junho,23
2019,junho,23,2018,junho,24,2018,junho,22,2019,junho,23
2019,junho,23,2018,junho,25,2018,junho,23,2019,junho,23
2019,junho,23,2018,junho,26,2018,junho,24,2019,junho,23
2019,junho,23,2018,junho,27,2018,junho,25,2019,junho,23
2019,junho,24,2018,junho,24,2018,junho,22,2019,junho,24
2019,junho,24,2018,junho,25,2018,junho,23,2019,junho,24
2019,junho,24,2018,junho,26,2018,junho,24,2019,junho,24
2019,junho,24,2018,junho,27,2018,junho,25,2019,junho,24
2019,junho,25,2018,junho,24,2018,junho,22,2019,junho,25
2019,junho,25,2018,junho,26,2018,junho,24,2019,junho,25
2019,junho,25,2018,junho,27,2018,junho,25,2019,junho,25
2019,junho,26,2018,junho,28,2018,junho,26,2019,junho,26
2019,junho,28,2018,junho,30,2018,junho,28,2019,junho,28
2019,junho,28,2018,julho,1,2018,junho,29,2019,junho,28
2019,junho,29,2018,junho,30,2018,junho,28,2019,junho,29
2019,junho,29,2018,julho,1,2018,junho,29,2019,junho,29
2019,junho,29,2018,julho,2,2018,junho,30,2019,junho,29
2019,junho,30,2018,julho,1,2018,junho,29,2019,junho,30
2019,junho,30,2018,julho,2,2018,junho,30,2019,junho,30
2019,julho,5,2018,julho,7,2018,julho,5,2019,julho,5
2019,julho,6,2018,julho,8,2018,julho,6,2019,julho,6
2019,julho,7,2018,julho,9,2018,julho,7,2019,julho,7
2019,julho,7,2018,julho,10,2018,julho,8,2019,julho,7
2019,julho,7,2018,julho,14,2018,julho,12,2019,julho,7
2019,julho,8,2018,julho,10,2018,julho,8,2019,julho,8
2019,julho,8,2018,julho,11,2018,julho,9,2019,julho,8
2019,julho,8,2018,julho,16,2018,julho,14,2019,julho,8
2019,julho,9,2018,julho,11,2018,julho,9,2019,julho,9
2019,julho,12,2018,julho,14,2018,julho,12,2019,julho,12
2019,julho,12,2018,julho,15,2018,julho,13,2019,julho,12
2019,julho,12,2018,julho,16,2018,julho,14,2019,julho,12
2019,julho,12,2018,julho,30,2018,julho,28,2019,julho,12
2019,julho,13,2018,julho,15,2018,julho,13,2019,julho,13
2019,julho,13,2018,julho,16,2018,julho,14,2019,julho,13
2019,julho,13,2018,julho,17,2018,julho,15,2019,julho,13
2019,julho,14,2018,julho,8,2018,julho,6,2019,julho,14
2019,julho,14,2018,julho,16,2018,julho,14,2019,julho,14
2019,julho,14,2018,julho,17,2018,julho,15,2019,julho,14
2019,julho,15,2018,julho,17,2018,julho,15,2019,julho,15
2019,julho,15,2018,julho,18,2018,julho,16,2019,julho,15
2019,julho,16,2018,julho,17,2018,julho,15,2019,julho,16
2019,julho,16,2018,julho,18,2018,julho,16,2019,julho,16
2019,julho,16,2018,julho,21,2018,julho,19,2019,julho,16
2019,julho,19,2018,julho,18,2018,julho,16,2019,julho,19
2019,julho,19,2018,julho,21,2018,julho,19,2019,julho,19
2019,julho,19,2018,julho,22,2018,julho,20,2019,julho,19
2019,julho,19,2018,julho,23,2018,julho,21,2019,julho,19
2019,julho,20,2018,julho,21,2018,julho,19,2019,julho,20
2019,julho,20,2018,julho,22,2018,julho,20,2019,julho,20
2019,julho,20,2018,julho,24,2018,julho,22,2019,julho,20
2019,julho,21,2018,julho,22,2018,julho,20,2019,julho,21
2019,julho,21,2018,julho,23,2018,julho,21,2019,julho,21
2019,julho,22,2018,julho,24,2018,julho,22,2019,julho,22
2019,julho,22,2018,julho,25,2018,julho,23,2019,julho,22
2019,julho,22,2018,julho,30,2018,julho,28,2019,julho,22
2019,julho,22,2018,setembro,9,2018,setembro,7,2019,julho,22
2019,julho,23,2018,julho,25,2018,julho,23,2019,julho,23
2019,julho,23,2018,julho,28,2018,julho,26,2019,julho,23
2019,julho,26,2018,julho,28,2018,julho,26,2019,julho,26
2019,julho,26,2018,julho,29,2018,julho,27,2019,julho,26
2019,julho,26,2018,julho,31,2018,julho,29,2019,julho,26
2019,julho,27,2018,julho,29,2018,julho,27,2019,julho,27
2019,julho,27,2018,julho,30,2018,julho,28,2019,julho,27
2019,julho,27,2018,julho,31,2018,julho,29,2019,julho,27
2019,julho,28,2018,julho,30,2018,julho,28,2019,julho,28
2019,julho,28,2018,julho,31,2018,julho,29,2019,julho,28
2019,julho,28,2018,agosto,1,2018,julho,30,2019,julho,28
2019,julho,29,2018,julho,31,2018,julho,29,2019,julho,29
2019,julho,29,2018,agosto,1,2018,julho,30,2019,julho,29
2019,julho,29,2018,agosto,4,2018,agosto,2,2019,julho,29
2019,julho,30,2018,agosto,1,2018,julho,30,2019,julho,30
2019,julho,30,2018,agosto,4,2018,agosto,2,2019,julho,30
2019,agosto,2,2018,agosto,4,2018,agosto,2,2019,agosto,2
2019,agosto,2,2018,agosto,5,2018,agosto,3,2019,agosto,2
2019,agosto,3,2018,julho,22,2018,julho,20,2019,agosto,3
2019,agosto,3,2018,agosto,5,2018,agosto,3,2019,agosto,3
2019,agosto,3,2018,agosto,6,2018,agosto,4,2019,agosto,3
2019,agosto,4,2018,agosto,6,2018,agosto,4,2019,agosto,4
2019,agosto,5,2018,agosto,7,2018,agosto,5,2019,agosto,5
2019,agosto,6,2018,agosto,7,2018,agosto,5,2019,agosto,6
2019,agosto,6,2018,agosto,8,2018,agosto,6,2019,agosto,6
2019,agosto,6,2018,agosto,11,2018,agosto,9,2019,agosto,6
2019,agosto,9,2018,agosto,8,2018,agosto,6,2019,agosto,9
2019,agosto,9,2018,agosto,11,2018,agosto,9,2019,agosto,9
2019,agosto,9,2018,agosto,12,2018,agosto,10,2019,agosto,9
2019,agosto,9,2018,agosto,13,2018,agosto,11,2019,agosto,9
2019,agosto,10,2018,agosto,12,2018,agosto,10,2019,agosto,10
2019,agosto,10,2018,agosto,13,2018,agosto,11,2019,agosto,10
2019,agosto,11,2018,agosto,13,2018,agosto,11,2019,agosto,11
2019,agosto,11,2018,agosto,14,2018,agosto,12,2019,agosto,11
2019,agosto,12,2018,agosto,13,2018,agosto,11,2019,agosto,12
2019,agosto,12,2018,agosto,14,2018,agosto,12,2019,agosto,12
2019,agosto,12,2018,agosto,15,2018,agosto,13,2019,agosto,12
2019,agosto,12,2018,outubro,14,2018,outubro,12,2019,agosto,12
2019,agosto,13,2018,agosto,14,2018,agosto,12,2019,agosto,13
2019,agosto,13,2018,agosto,15,2018,agosto,13,2019,agosto,13
2019,agosto,13,2018,agosto,18,2018,agosto,16,2019,agosto,13
2019,agosto,13,2018,setembro,18,2018,setembro,16,2019,agosto,13
2019,agosto,16,2018,agosto,15,2018,agosto,13,2019,agosto,16
2019,agosto,16,2018,agosto,18,2018,agosto,16,2019,agosto,16
2019,agosto,16,2018,agosto,19,2018,agosto,17,2019,agosto,16
2019,agosto,16,2018,agosto,20,2018,agosto,18,2019,agosto,16
2019,agosto,17,2018,agosto,19,2018,agosto,17,2019,agosto,17
2019,agosto,17,2018,agosto,20,2018,agosto,18,2019,agosto,17
2019,agosto,18,2018,agosto,20,2018,agosto,18,2019,agosto,18
2019,agosto,18,2018,agosto,21,2018,agosto,19,2019,agosto,18
2019,agosto,19,2018,agosto,21,2018,agosto,19,2019,agosto,19
2019,agosto,19,2018,setembro,23,2018,setembro,21,2019,agosto,19
2019,agosto,20,2018,agosto,21,2018,agosto,19,2019,agosto,20
2019,agosto,20,2018,agosto,22,2018,agosto,20,2019,agosto,20
2019,agosto,20,2018,agosto,25,2018,agosto,23,2019,agosto,20
2019,agosto,22,2018,agosto,25,2018,agosto,23,2019,agosto,22
2019,agosto,23,2018,agosto,25,2018,agosto,23,2019,agosto,23
2019,agosto,23,2018,agosto,26,2018,agosto,24,2019,agosto,23
2019,agosto,23,2018,agosto,28,2018,agosto,26,2019,agosto,23
2019,agosto,24,2018,agosto,26,2018,agosto,24,2019,agosto,24
2019,agosto,24,2018,agosto,27,2018,agosto,25,2019,agosto,24
2019,agosto,25,2018,agosto,26,2018,agosto,24,2019,agosto,25
2019,agosto,25,2018,agosto,27,2018,agosto,25,2019,agosto,25
2019,agosto,25,2018,agosto,28,2018,agosto,26,2019,agosto,25
2019,agosto,26,2018,agosto,28,2018,agosto,26,2019,agosto,26
2019,agosto,26,2018,agosto,29,2018,agosto,27,2019,agosto,26
2019,agosto,26,2018,setembro,2,2018,agosto,31,2019,agosto,26
2019,agosto,26,2018,setembro,9,2018,setembro,7,2019,agosto,26
2019,agosto,27,2018,agosto,29,2018,agosto,27,2019,agosto,27
2019,agosto,31,2018,setembro,2,2018,agosto,31,2019,agosto,31
2019,agosto,31,2018,setembro,4,2018,setembro,2,2019,agosto,31
2019,setembro,1,2018,setembro,3,2018,setembro,1,2019,setembro,1
2019,setembro,1,2018,setembro,4,2018,setembro,2,2019,setembro,1
2019,setembro,2,2018,setembro,4,2018,setembro,2,2019,setembro,2
2019,setembro,2,2018,setembro,5,2018,setembro,3,2019,setembro,2
2019,setembro,2,2018,setembro,8,2018,setembro,6,2019,setembro,2
2019,setembro,2,2018,setembro,9,2018,setembro,7,2019,setembro,2
2019,setembro,3,2018,setembro,5,2018,setembro,3,2019,setembro,3
2019,setembro,3,2018,setembro,8,2018,setembro,6,2019,setembro,3
2019,setembro,6,2018,setembro,8,2018,setembro,6,2019,setembro,6
2019,setembro,6,2018,setembro,9,2018,setembro,7,2019,setembro,6
2019,setembro,6,2018,setembro,10,2018,setembro,8,2019,setembro,6
2019,setembro,7,2018,setembro,9,2018,setembro,7,2019,setembro,7
2019,setembro,7,2018,setembro,10,2018,setembro,8,2019,setembro,7
2019,setembro,8,2018,setembro,10,2018,setembro,8,2019,setembro,8
2019,setembro,8,2018,setembro,11,2018,setembro,9,2019,setembro,8
2019,setembro,8,2018,setembro,12,2018,setembro,10,2019,setembro,8
2019,setembro,9,2018,setembro,10,2018,setembro,8,2019,setembro,9
2019,setembro,9,2018,setembro,11,2018,setembro,9,2019,setembro,9
2019,setembro,9,2018,setembro,12,2018,setembro,10,2019,setembro,9
2019,setembro,10,2018,setembro,11,2018,setembro,9,2019,setembro,10
2019,setembro,10,2018,setembro,12,2018,setembro,10,2019,setembro,10
2019,setembro,10,2018,setembro,15,2018,setembro,13,2019,setembro,10
2019,setembro,10,2018,setembro,19,2018,setembro,17,2019,setembro,10
2019,setembro,12,2018,setembro,15,2018,setembro,13,2019,setembro,12
2019,setembro,13,2018,setembro,15,2018,setembro,13,2019,setembro,13
2019,setembro,13,2018,setembro,16,2018,setembro,14,2019,setembro,13
2019,setembro,14,2018,setembro,12,2018,setembro,10,2019,setembro,14
2019,setembro,14,2018,setembro,16,2018,setembro,14,2019,setembro,14
2019,setembro,14,2018,setembro,17,2018,setembro,15,2019,setembro,14
2019,setembro,14,2018,setembro,18,2018,setembro,16,2019,setembro,14
2019,setembro,15,2018,setembro,17,2018,setembro,15,2019,setembro,15
2019,setembro,15,2018,setembro,18,2018,setembro,16,2019,setembro,15
2019,setembro,15,2018,setembro,24,2018,setembro,22,2019,setembro,15
2019,setembro,16,2018,setembro,18,2018,setembro,16,2019,setembro,16
2019,setembro,16,2018,setembro,22,2018,setembro,20,2019,setembro,16
2019,setembro,17,2018,setembro,19,2018,setembro,17,2019,setembro,17
2019,setembro,17,2018,setembro,29,2018,setembro,27,2019,setembro,17
2019,setembro,20,2018,setembro,22,2018,setembro,20,2019,setembro,20
2019,setembro,20,2018,setembro,23,2018,setembro,21,2019,setembro,20
2019,setembro,21,2018,setembro,22,2018,setembro,20,2019,setembro,21
2019,setembro,21,2018,setembro,23,2018,setembro,21,2019,setembro,21
2019,setembro,22,2018,setembro,23,2018,setembro,21,2019,setembro,22
2019,setembro,22,2018,setembro,24,2018,setembro,22,2019,setembro,22
2019,setembro,22,2018,setembro,25,2018,setembro,23,2019,setembro,22
2019,setembro,22,2018,setembro,29,2018,setembro,27,2019,setembro,22
2019,setembro,23,2018,setembro,24,2018,setembro,22,2019,setembro,23
2019,setembro,23,2018,setembro,25,2018,setembro,23,2019,setembro,23
2019,setembro,23,2018,setembro,26,2018,setembro,24,2019,setembro,23
2019,setembro,23,2018,setembro,29,2018,setembro,27,2019,setembro,23
2019,setembro,24,2018,setembro,25,2018,setembro,23,2019,setembro,24
2019,setembro,24,2018,setembro,26,2018,setembro,24,2019,setembro,24
2019,setembro,24,2018,setembro,29,2018,setembro,27,2019,setembro,24
2019,setembro,27,2018,setembro,26,2018,setembro,24,2019,setembro,27
2019,setembro,27,2018,setembro,29,2018,setembro,27,2019,setembro,27
2019,setembro,27,2018,setembro,30,2018,setembro,28,2019,setembro,27
2019,setembro,27,2018,outubro,1,2018,setembro,29,2019,setembro,27
2019,setembro,28,2018,setembro,25,2018,setembro,23,2019,setembro,28
2019,setembro,28,2018,setembro,29,2018,setembro,27,2019,setembro,28
2019,setembro,28,2018,setembro,30,2018,setembro,28,2019,setembro,28
2019,setembro,28,2018,outubro,8,2018,outubro,6,2019,setembro,28
2019,setembro,29,2018,setembro,25,2018,setembro,23,2019,setembro,29
2019,setembro,29,2018,setembro,30,2018,setembro,28,2019,setembro,29
2019,setembro,29,2018,outubro,1,2018,setembro,29,2019,setembro,29
2019,setembro,29,2018,outubro,20,2018,outubro,18,2019,setembro,29
2019,setembro,30,2018,setembro,25,2018,setembro,23,2019,setembro,30
2019,setembro,30,2018,outubro,1,2018,setembro,29,2019,setembro,30
2019,setembro,30,2018,outubro,2,2018,setembro,30,2019,setembro,30
2019,setembro,30,2018,outubro,3,2018,outubro,1,2019,setembro,30
2019,setembro,30,2018,outubro,6,2018,outubro,4,2019,setembro,30
2019,setembro,30,2018,outubro,20,2018,outubro,18,2019,setembro,30
2019,outubro,1,2018,setembro,25,2018,setembro,23,2019,outubro,1
2019,outubro,1,2018,outubro,2,2018,setembro,30,2019,outubro,1
2019,outubro,1,2018,outubro,3,2018,outubro,1,2019,outubro,1
2019,outubro,1,2018,outubro,17,2018,outubro,15,2019,outubro,1
2019,outubro,2,2018,outubro,8,2018,outubro,6,2019,outubro,2
2019,outubro,4,2018,outubro,6,2018,outubro,4,2019,outubro,4
2019,outubro,5,2018,outubro,7,2018,outubro,5,2019,outubro,5
2019,outubro,5,2018,outubro,13,2018,outubro,11,2019,outubro,5
2019,outubro,5,2018,outubro,14,2018,outubro,12,2019,outubro,5
2019,outubro,6,2018,outubro,8,2018,outubro,6,2019,outubro,6
2019,outubro,6,2018,outubro,9,2018,outubro,7,2019,outubro,6
2019,outubro,7,2018,outubro,9,2018,outubro,7,2019,outubro,7
2019,outubro,7,2018,outubro,10,2018,outubro,8,2019,outubro,7
2019,outubro,7,2018,outubro,13,2018,outubro,11,2019,outubro,7
2019,outubro,8,2018,outubro,8,2018,outubro,6,2019,outubro,8
2019,outubro,8,2018,outubro,10,2018,outubro,8,2019,outubro,8
2019,outubro,8,2018,novembro,4,2018,novembro,2,2019,outubro,8
2019,outubro,11,2018,outubro,13,2018,outubro,11,2019,outubro,11
2019,outubro,11,2018,outubro,14,2018,outubro,12,2019,outubro,11
2019,outubro,12,2018,setembro,26,2018,setembro,24,2019,outubro,12
2019,outubro,12,2018,outubro,14,2018,outubro,12,2019,outubro,12
2019,outubro,12,2018,outubro,15,2018,outubro,13,2019,outubro,12
2019,outubro,13,2018,outubro,15,2018,outubro,13,2019,outubro,13
2019,outubro,13,2018,outubro,16,2018,outubro,14,2019,outubro,13
2019,outubro,14,2018,outubro,16,2018,outubro,14,2019,outubro,14
2019,outubro,14,2018,outubro,17,2018,outubro,15,2019,outubro,14
2019,outubro,14,2018,dezembro,16,2018,dezembro,14,2019,outubro,14
2019,outubro,15,2018,outubro,17,2018,outubro,15,2019,outubro,15
2019,outubro,15,2018,outubro,20,2018,outubro,18,2019,outubro,15
2019,outubro,17,2017,outubro,20,2017,outubro,18,2019,outubro,17
2019,outubro,18,2018,outubro,20,2018,outubro,18,2019,outubro,18
2019,outubro,18,2018,novembro,5,2018,novembro,3,2019,outubro,18
2019,outubro,19,2018,outubro,21,2018,outubro,19,2019,outubro,19
2019,outubro,19,2018,outubro,22,2018,outubro,20,2019,outubro,19
2019,outubro,20,2018,outubro,22,2018,outubro,20,2019,outubro,20
2019,outubro,20,2018,outubro,23,2018,outubro,21,2019,outubro,20
2019,outubro,21,2018,outubro,23,2018,outubro,21,2019,outubro,21
2019,outubro,21,2018,novembro,6,2018,novembro,4,2019,outubro,21
2019,outubro,21,2018,novembro,25,2018,novembro,23,2019,outubro,21
2019,outubro,22,2018,outubro,24,2018,outubro,22,2019,outubro,22
2019,outubro,22,2018,outubro,27,2018,outubro,25,2019,outubro,22
2019,outubro,25,2018,outubro,27,2018,outubro,25,2019,outubro,25
2019,outubro,26,2018,outubro,28,2018,outubro,26,2019,outubro,26
2019,outubro,26,2018,outubro,29,2018,outubro,27,2019,outubro,26
2019,outubro,26,2018,novembro,3,2018,novembro,1,2019,outubro,26
2019,outubro,27,2018,outubro,28,2018,outubro,26,2019,outubro,27
2019,outubro,27,2018,outubro,29,2018,outubro,27,2019,outubro,27
2019,outubro,27,2018,outubro,30,2018,outubro,28,2019,outubro,27
2019,outubro,28,2018,outubro,29,2018,outubro,27,2019,outubro,28
2019,outubro,28,2018,outubro,30,2018,outubro,28,2019,outubro,28
2019,outubro,28,2018,outubro,31,2018,outubro,29,2019,outubro,28
2019,outubro,28,2018,novembro,5,2018,novembro,3,2019,outubro,28
2019,outubro,29,2018,outubro,29,2018,outubro,27,2019,outubro,29
2019,outubro,29,2018,outubro,31,2018,outubro,29,2019,outubro,29
2019,outubro,29,2018,novembro,7,2018,novembro,5,2019,outubro,29
2019,outubro,29,2018,novembro,12,2018,novembro,10,2019,outubro,29
2019,novembro,1,2018,novembro,3,2018,novembro,1,2019,novembro,1
2019,novembro,1,2018,novembro,4,2018,novembro,2,2019,novembro,1
2019,novembro,1,2018,novembro,7,2018,novembro,5,2019,novembro,1
2019,novembro,2,2018,novembro,3,2018,novembro,1,2019,novembro,2
2019,novembro,2,2018,novembro,4,2018,novembro,2,2019,novembro,2
2019,novembro,3,2018,novembro,5,2018,novembro,3,2019,novembro,3
2019,novembro,3,2018,novembro,6,2018,novembro,4,2019,novembro,3
2019,novembro,4,2018,novembro,6,2018,novembro,4,2019,novembro,4
2019,novembro,4,2018,novembro,7,2018,novembro,5,2019,novembro,4
2019,novembro,5,2018,novembro,6,2018,novembro,4,2019,novembro,5
2019,novembro,5,2018,novembro,7,2018,novembro,5,2019,novembro,5
2019,novembro,8,2018,novembro,10,2018,novembro,8,2019,novembro,8
2019,novembro,8,2018,novembro,11,2018,novembro,9,2019,novembro,8
2019,novembro,9,2018,novembro,10,2018,novembro,8,2019,novembro,9
2019,novembro,9,2018,novembro,11,2018,novembro,9,2019,novembro,9
2019,novembro,10,2018,outubro,29,2018,outubro,27,2019,novembro,10
2019,novembro,10,2018,novembro,12,2018,novembro,10,2019,novembro,10
2019,novembro,10,2018,novembro,14,2018,novembro,12,2019,novembro,10
2019,novembro,11,2018,novembro,13,2018,novembro,11,2019,novembro,11
2019,novembro,11,2018,novembro,14,2018,novembro,12,2019,novembro,11
2019,novembro,11,2018,novembro,18,2018,novembro,16,2019,novembro,11
2019,novembro,12,2018,novembro,14,2018,novembro,12,2019,novembro,12
2019,novembro,12,2018,novembro,17,2018,novembro,15,2019,novembro,12
2019,novembro,12,2018,novembro,18,2018,novembro,16,2019,novembro,12
2019,novembro,12,2018,novembro,21,2018,novembro,19,2019,novembro,12
2019,novembro,15,2018,novembro,17,2018,novembro,15,2019,novembro,15
2019,novembro,15,2018,novembro,18,2018,novembro,16,2019,novembro,15
2019,novembro,16,2018,novembro,18,2018,novembro,16,2019,novembro,16
2019,novembro,16,2018,novembro,19,2018,novembro,17,2019,novembro,16
2019,novembro,16,2018,novembro,20,2018,novembro,18,2019,novembro,16
2019,novembro,17,2018,novembro,19,2018,novembro,17,2019,novembro,17
2019,novembro,17,2018,novembro,20,2018,novembro,18,2019,novembro,17
2019,novembro,17,2018,novembro,26,2018,novembro,24,2019,novembro,17
2019,novembro,18,2018,novembro,20,2018,novembro,18,2019,novembro,18
2019,novembro,18,2018,novembro,24,2018,novembro,22,2019,novembro,18
2019,novembro,19,2018,novembro,21,2018,novembro,19,2019,novembro,19
2019,novembro,22,2018,novembro,24,2018,novembro,22,2019,novembro,22
2019,novembro,22,2018,novembro,25,2018,novembro,23,2019,novembro,22
2019,novembro,23,2018,novembro,24,2018,novembro,22,2019,novembro,23
2019,novembro,23,2018,novembro,25,2018,novembro,23,2019,novembro,23
2019,novembro,24,2018,novembro,25,2018,novembro,23,2019,novembro,24
2019,novembro,24,2018,novembro,26,2018,novembro,24,2019,novembro,24
2019,novembro,24,2018,novembro,27,2018,novembro,25,2019,novembro,24
2019,novembro,25,2018,novembro,26,2018,novembro,24,2019,novembro,25
2019,novembro,25,2018,novembro,27,2018,novembro,25,2019,novembro,25
2019,novembro,25,2018,novembro,28,2018,novembro,26,2019,novembro,25
2019,novembro,25,2018,dezembro,1,2018,novembro,29,2019,novembro,25
2019,novembro,26,2018,novembro,27,2018,novembro,25,2019,novembro,26
2019,novembro,26,2018,novembro,28,2018,novembro,26,2019,novembro,26
2019,novembro,26,2018,dezembro,1,2018,novembro,29,2019,novembro,26
2019,novembro,29,2018,novembro,28,2018,novembro,26,2019,novembro,29
2019,novembro,29,2018,dezembro,1,2018,novembro,29,2019,novembro,29
2019,novembro,29,2018,dezembro,2,2018,novembro,30,2019,novembro,29
2019,novembro,29,2018,dezembro,3,2018,dezembro,1,2019,novembro,29
2019,novembro,30,2018,novembro,27,2018,novembro,25,2019,novembro,30
2019,novembro,30,2018,dezembro,1,2018,novembro,29,2019,novembro,30
2019,novembro,30,2018,dezembro,2,2018,novembro,30,2019,novembro,30
2019,dezembro,1,2018,novembro,27,2018,novembro,25,2019,dezembro,1
2019,dezembro,1,2018,dezembro,2,2018,novembro,30,2019,dezembro,1
2019,dezembro,1,2018,dezembro,3,2018,dezembro,1,2019,dezembro,1
2019,dezembro,1,2018,dezembro,22,2018,dezembro,20,2019,dezembro,1
2019,dezembro,2,2018,novembro,27,2018,novembro,25,2019,dezembro,2
2019,dezembro,2,2018,dezembro,3,2018,dezembro,1,2019,dezembro,2
2019,dezembro,2,2018,dezembro,4,2018,dezembro,2,2019,dezembro,2
2019,dezembro,2,2018,dezembro,5,2018,dezembro,3,2019,dezembro,2
2019,dezembro,3,2018,novembro,27,2018,novembro,25,2019,dezembro,3
2019,dezembro,3,2018,dezembro,4,2018,dezembro,2,2019,dezembro,3
2019,dezembro,3,2018,dezembro,5,2018,dezembro,3,2019,dezembro,3
2019,dezembro,3,2018,dezembro,19,2018,dezembro,17,2019,dezembro,3
2019,dezembro,4,2018,dezembro,10,2018,dezembro,8,2019,dezembro,4
2019,dezembro,6,2018,dezembro,8,2018,dezembro,6,2019,dezembro,6
2019,dezembro,7,2018,dezembro,9,2018,dezembro,7,2019,dezembro,7
2019,dezembro,7,2018,dezembro,15,2018,dezembro,13,2019,dezembro,7
2019,dezembro,7,2018,dezembro,16,2018,dezembro,14,2019,dezembro,7
2019,dezembro,8,2018,dezembro,10,2018,dezembro,8,2019,dezembro,8
2019,dezembro,8,2018,dezembro,11,2018,dezembro,9,2019,dezembro,8
2019,dezembro,9,2018,dezembro,11,2018,dezembro,9,2019,dezembro,9
2019,dezembro,9,2018,dezembro,12,2018,dezembro,10,2019,dezembro,9
2019,dezembro,9,2018,dezembro,15,2018,dezembro,13,2019,dezembro,9
2019,dezembro,10,2018,dezembro,10,2018,dezembro,8,2019,dezembro,10
2019,dezembro,10,2018,dezembro,12,2018,dezembro,10,2019,dezembro,10
2019,dezembro,13,2018,dezembro,15,2018,dezembro,13,2019,dezembro,13
2019,dezembro,13,2018,dezembro,16,2018,dezembro,14,2019,dezembro,13
2019,dezembro,14,2018,dezembro,16,2018,dezembro,14,2019,dezembro,14
2019,dezembro,14,2018,dezembro,17,2018,dezembro,15,2019,dezembro,14
2019,dezembro,15,2018,dezembro,17,2018,dezembro,15,2019,dezembro,15
2019,dezembro,15,2018,dezembro,18,2018,dezembro,16,2019,dezembro,15
2019,dezembro,16,2018,dezembro,18,2018,dezembro,16,2019,dezembro,16
2019,dezembro,17,2018,dezembro,19,2018,dezembro,17,2019,dezembro,17
2019,dezembro,17,2018,dezembro,22,2018,dezembro,20,2019,dezembro,17
2019,dezembro,19,2017,dezembro,22,2017,dezembro,20,2019,dezembro,19
2019,dezembro,20,2018,dezembro,22,2018,dezembro,20,2019,dezembro,20
2019,dezembro,21,2018,dezembro,23,2018,dezembro,21,2019,dezembro,21
2019,dezembro,21,2018,dezembro,24,2018,dezembro,22,2019,dezembro,21
2019,dezembro,22,2018,dezembro,24,2018,dezembro,22,2019,dezembro,22
2019,dezembro,22,2018,dezembro,25,2018,dezembro,23,2019,dezembro,22
2019,dezembro,23,2018,dezembro,24,2018,dezembro,22,2019,dezembro,23
2019,dezembro,23,2018,dezembro,25,2018,dezembro,23,2019,dezembro,23
2019,dezembro,24,2018,dezembro,26,2018,dezembro,24,2019,dezembro,24
2019,dezembro,24,2018,dezembro,29,2018,dezembro,27,2019,dezembro,24
2019,dezembro,27,2018,dezembro,29,2018,dezembro,27,2019,dezembro,27
2019,dezembro,28,2018,dezembro,30,2018,dezembro,28,2019,dezembro,28
2019,dezembro,29,2018,dezembro,31,2018,dezembro,29,2019,dezembro,29
2019,dezembro,30,2019,janeiro,1,2018,dezembro,30,2019,dezembro,30
2019,dezembro,30,2019,janeiro,2,2018,dezembro,31,2019,dezembro,30
2019,dezembro,30,2019,janeiro,3,2019,janeiro,1,2019,dezembro,30
2019,dezembro,30,2019,janeiro,6,2019,janeiro,4,2019,dezembro,30
2019,dezembro,31,2019,janeiro,2,2018,dezembro,31,2019,dezembro,31
2019,dezembro,31,2019,janeiro,3,2019,janeiro,1,2019,dezembro,31
2019,dezembro,31,2019,janeiro,8,2019,janeiro,6,2019,dezembro,31
2020,janeiro,1,2019,janeiro,3,2019,janeiro,1,2020,janeiro,1
2020,janeiro,4,2019,janeiro,6,2019,janeiro,4,2020,janeiro,4
2020,janeiro,4,2019,janeiro,7,2019,janeiro,5,2020,janeiro,4
2020,janeiro,4,2019,janeiro,8,2019,janeiro,6,2020,janeiro,4
2020,janeiro,4,2019,janeiro,22,2019,janeiro,20,2020,janeiro,4
2020,janeiro,5,2019,janeiro,7,2019,janeiro,5,2020,janeiro,5
2020,janeiro,5,2019,janeiro,8,2019,janeiro,6,2020,janeiro,5
2020,janeiro,5,2019,janeiro,9,2019,janeiro,7,2020,janeiro,5
2020,janeiro,6,2018,dezembro,31,2018,dezembro,29,2020,janeiro,6
2020,janeiro,6,2019,janeiro,8,2019,janeiro,6,2020,janeiro,6
2020,janeiro,6,2019,janeiro,9,2019,janeiro,7,2020,janeiro,6
2020,janeiro,7,2019,janeiro,9,2019,janeiro,7,2020,janeiro,7
2020,janeiro,7,2019,janeiro,10,2019,janeiro,8,2020,janeiro,7
2020,janeiro,8,2019,janeiro,9,2019,janeiro,7,2020,janeiro,8
2020,janeiro,8,2019,janeiro,10,2019,janeiro,8,2020,janeiro,8
2020,janeiro,8,2019,janeiro,13,2019,janeiro,11,2020,janeiro,8
2020,janeiro,11,2019,janeiro,10,2019,janeiro,8,2020,janeiro,11
2020,janeiro,11,2019,janeiro,13,2019,janeiro,11,2020,janeiro,11
2020,janeiro,11,2019,janeiro,14,2019,janeiro,12,2020,janeiro,11
2020,janeiro,11,2019,janeiro,15,2019,janeiro,13,2020,janeiro,11
2020,janeiro,12,2019,janeiro,13,2019,janeiro,11,2020,janeiro,12
2020,janeiro,12,2019,janeiro,14,2019,janeiro,12,2020,janeiro,12
2020,janeiro,12,2019,janeiro,16,2019,janeiro,14,2020,janeiro,12
2020,janeiro,13,2019,janeiro,14,2019,janeiro,12,2020,janeiro,13
2020,janeiro,13,2019,janeiro,15,2019,janeiro,13,2020,janeiro,13
2020,janeiro,14,2019,janeiro,16,2019,janeiro,14,2020,janeiro,14
2020,janeiro,14,2019,janeiro,17,2019,janeiro,15,2020,janeiro,14
2020,janeiro,14,2019,janeiro,22,2019,janeiro,20,2020,janeiro,14
2020,janeiro,15,2019,janeiro,17,2019,janeiro,15,2020,janeiro,15
2020,janeiro,15,2019,janeiro,20,2019,janeiro,18,2020,janeiro,15
2020,janeiro,18,2019,janeiro,20,2019,janeiro,18,2020,janeiro,18
2020,janeiro,18,2019,janeiro,21,2019,janeiro,19,2020,janeiro,18
2020,janeiro,18,2019,janeiro,23,2019,janeiro,21,2020,janeiro,18
2020,janeiro,19,2019,janeiro,21,2019,janeiro,19,2020,janeiro,19
2020,janeiro,19,2019,janeiro,22,2019,janeiro,20,2020,janeiro,19
2020,janeiro,19,2019,janeiro,23,2019,janeiro,21,2020,janeiro,19
2020,janeiro,20,2019,janeiro,22,2019,janeiro,20,2020,janeiro,20
2020,janeiro,20,2019,janeiro,23,2019,janeiro,21,2020,janeiro,20
2020,janeiro,20,2019,janeiro,24,2019,janeiro,22,2020,janeiro,20
2020,janeiro,21,2019,janeiro,23,2019,janeiro,21,2020,janeiro,21
2020,janeiro,21,2019,janeiro,24,2019,janeiro,22,2020,janeiro,21
2020,janeiro,21,2019,janeiro,27,2019,janeiro,25,2020,janeiro,21
2020,janeiro,22,2019,janeiro,24,2019,janeiro,22,2020,janeiro,22
2020,janeiro,22,2019,janeiro,27,2019,janeiro,25,2020,janeiro,22
2020,janeiro,25,2019,janeiro,27,2019,janeiro,25,2020,janeiro,25
2020,janeiro,25,2019,janeiro,28,2019,janeiro,26,2020,janeiro,25
2020,janeiro,26,2019,janeiro,28,2019,janeiro,26,2020,janeiro,26
2020,janeiro,26,2019,janeiro,29,2019,janeiro,27,2020,janeiro,26
2020,janeiro,27,2019,janeiro,29,2019,janeiro,27,2020,janeiro,27
2020,janeiro,28,2019,janeiro,30,2019,janeiro,28,2020,janeiro,28
2020,janeiro,29,2019,janeiro,30,2019,janeiro,28,2020,janeiro,29
2020,janeiro,29,2019,janeiro,31,2019,janeiro,29,2020,janeiro,29
2020,janeiro,29,2019,fevereiro,3,2019,fevereiro,1,2020,janeiro,29
2020,fevereiro,1,2019,janeiro,31,2019,janeiro,29,2020,fevereiro,1
2020,fevereiro,1,2019,fevereiro,3,2019,fevereiro,1,2020,fevereiro,1
2020,fevereiro,1,2019,fevereiro,4,2019,fevereiro,2,2020,fevereiro,1
2020,fevereiro,1,2019,fevereiro,5,2019,fevereiro,3,2020,fevereiro,1
2020,fevereiro,2,2019,fevereiro,4,2019,fevereiro,2,2020,fevereiro,2
2020,fevereiro,2,2019,fevereiro,5,2019,fevereiro,3,2020,fevereiro,2
2020,fevereiro,3,2019,fevereiro,5,2019,fevereiro,3,2020,fevereiro,3
2020,fevereiro,3,2019,fevereiro,6,2019,fevereiro,4,2020,fevereiro,3
2020,fevereiro,4,2019,fevereiro,5,2019,fevereiro,3,2020,fevereiro,4
2020,fevereiro,4,2019,fevereiro,6,2019,fevereiro,4,2020,fevereiro,4
2020,fevereiro,4,2019,fevereiro,7,2019,fevereiro,5,2020,fevereiro,4
2020,fevereiro,5,2019,fevereiro,6,2019,fevereiro,4,2020,fevereiro,5
2020,fevereiro,5,2019,fevereiro,7,2019,fevereiro,5,2020,fevereiro,5
2020,fevereiro,5,2019,fevereiro,10,2019,fevereiro,8,2020,fevereiro,5
2020,fevereiro,8,2019,fevereiro,7,2019,fevereiro,5,2020,fevereiro,8
2020,fevereiro,8,2019,fevereiro,10,2019,fevereiro,8,2020,fevereiro,8
2020,fevereiro,8,2019,fevereiro,11,2019,fevereiro,9,2020,fevereiro,8
2020,fevereiro,9,2019,fevereiro,11,2019,fevereiro,9,2020,fevereiro,9
2020,fevereiro,10,2019,fevereiro,12,2019,fevereiro,10,2020,fevereiro,10
2020,fevereiro,10,2019,fevereiro,13,2019,fevereiro,11,2020,fevereiro,10
2020,fevereiro,11,2019,fevereiro,13,2019,fevereiro,11,2020,fevereiro,11
2020,fevereiro,11,2019,março,18,2019,março,15,2020,fevereiro,11
2020,fevereiro,12,2019,fevereiro,13,2019,fevereiro,11,2020,fevereiro,12
2020,fevereiro,12,2019,fevereiro,14,2019,fevereiro,12,2020,fevereiro,12
2020,fevereiro,12,2019,fevereiro,17,2019,fevereiro,15,2020,fevereiro,12
2020,fevereiro,14,2019,fevereiro,17,2019,fevereiro,15,2020,fevereiro,14
2020,fevereiro,15,2019,fevereiro,17,2019,fevereiro,15,2020,fevereiro,15
2020,fevereiro,15,2019,fevereiro,18,2019,fevereiro,16,2020,fevereiro,15
2020,fevereiro,16,2019,fevereiro,18,2019,fevereiro,16,2020,fevereiro,16
2020,fevereiro,16,2019,fevereiro,19,2019,fevereiro,17,2020,fevereiro,16
2020,fevereiro,17,2019,fevereiro,18,2019,fevereiro,16,2020,fevereiro,17
2020,fevereiro,17,2019,fevereiro,19,2019,fevereiro,17,2020,fevereiro,17
2020,fevereiro,17,2019,fevereiro,20,2019,fevereiro,18,2020,fevereiro,17
2020,fevereiro,18,2019,fevereiro,20,2019,fevereiro,18,2020,fevereiro,18
2020,fevereiro,18,2019,fevereiro,21,2019,fevereiro,19,2020,fevereiro,18
2020,fevereiro,18,2019,fevereiro,25,2019,fevereiro,23,2020,fevereiro,18
2020,fevereiro,19,2019,fevereiro,21,2019,fevereiro,19,2020,fevereiro,19
2020,fevereiro,23,2019,fevereiro,25,2019,fevereiro,23,2020,fevereiro,23
2020,fevereiro,23,2019,fevereiro,27,2019,fevereiro,25,2020,fevereiro,23
2020,fevereiro,24,2019,fevereiro,26,2019,fevereiro,24,2020,fevereiro,24
2020,fevereiro,24,2019,fevereiro,27,2019,fevereiro,25,2020,fevereiro,24
2020,fevereiro,25,2019,fevereiro,27,2019,fevereiro,25,2020,fevereiro,25
2020,fevereiro,25,2019,fevereiro,28,2019,fevereiro,26,2020,fevereiro,25
2020,fevereiro,25,2019,março,3,2019,março,1,2020,fevereiro,25
2020,fevereiro,25,2019,março,4,2019,março,1,2020,fevereiro,25
2020,fevereiro,26,2019,fevereiro,28,2019,fevereiro,26,2020,fevereiro,26
2020,fevereiro,26,2019,março,3,2019,março,1,2020,fevereiro,26
2020,fevereiro,29,2019,março,3,2019,março,1,2020,fevereiro,29
2020,fevereiro,29,2019,março,4,2019,março,1,2020,fevereiro,29
2020,fevereiro,29,2019,março,5,2019,março,2,2020,fevereiro,29
2020,março,1,2019,março,4,2019,março,1,2020,março,1
2020,março,1,2019,março,5,2019,março,2,2020,março,1
2020,março,2,2019,março,5,2019,março,2,2020,março,2
2020,março,2,2019,março,6,2019,março,3,2020,março,2
2020,março,2,2019,março,7,2019,março,4,2020,março,2
2020,março,3,2019,março,5,2019,março,2,2020,março,3
2020,março,3,2019,março,6,2019,março,3,2020,março,3
2020,março,4,2019,março,7,2019,março,4,2020,março,4
2020,março,4,2019,março,10,2019,março,7,2020,março,4
2020,março,4,2019,março,14,2019,março,11,2020,março,4
2020,março,6,2019,março,10,2019,março,7,2020,março,6
2020,março,7,2019,março,10,2019,março,7,2020,março,7
2020,março,7,2019,março,11,2019,março,8,2020,março,7
2020,março,8,2019,março,11,2019,março,8,2020,março,8
2020,março,8,2019,março,12,2019,março,9,2020,março,8
2020,março,8,2019,março,13,2019,março,10,2020,março,8
2020,março,9,2019,março,12,2019,março,9,2020,março,9
2020,março,9,2019,março,13,2019,março,10,2020,março,9
2020,março,9,2019,março,19,2019,março,16,2020,março,9
2020,março,10,2019,março,13,2019,março,10,2020,março,10
2020,março,10,2019,março,17,2019,março,14,2020,março,10
2020,março,11,2019,março,14,2019,março,11,2020,março,11
2020,março,14,2019,março,17,2019,março,14,2020,março,14
2020,março,14,2019,março,18,2019,março,15,2020,março,14
2020,março,15,2019,março,17,2019,março,14,2020,março,15
2020,março,15,2019,março,18,2019,março,15,2020,março,15
2020,março,16,2019,março,18,2019,março,15,2020,março,16
2020,março,16,2019,março,19,2019,março,16,2020,março,16
2020,março,16,2019,março,20,2019,março,17,2020,março,16
2020,março,17,2019,março,19,2019,março,16,2020,março,17
2020,março,17,2019,março,20,2019,março,17,2020,março,17
2020,março,18,2019,março,20,2019,março,17,2020,março,18
2020,março,18,2019,março,21,2019,março,18,2020,março,18
2020,março,21,2019,março,21,2019,março,18,2020,março,21
2020,março,22,2019,março,20,2019,março,17,2020,março,22
2020,março,23,2019,março,20,2019,março,17,2020,março,23
2020,março,24,2019,março,20,2019,março,17,2020,março,24
2020,março,25,2019,março,20,2019,março,17,2020,março,25
2020,dezembro,26,2018,outubro,21,2018,outubro,19,2020,dezembro,26
